,Rk,Player,Nation,Pos,Squad,Age,Born,90s,Cmp,Att,Cmp%,TotDist,PrgDist,Cmp,Att,Cmp%,Cmp,Att,Cmp%,Cmp,Att,Cmp%,Ast,xAG,xA,A-xAG,KP,1/3,PPA,CrsPA,Prog,Matches
0,1,Max Aarons,eng ENG,DF,Norwich City,21,2000,32.0,1107,1469,75.4,16588,6133,645,713,90.5,383,511,75.0,57,160,35.6,2,1.6,1.7,+0.4,20,50,37,9,86,Matches
1,2,Che Adams,sct SCO,FW,Southampton,25,1996,22.7,304,472,64.4,4188,1017,188,256,73.4,73,106,68.9,18,34,52.9,3,3.2,1.7,-0.2,26,24,10,0,29,Matches
2,3,Rayan Aït Nouri,fr FRA,"DF,MF",Wolves,20,2001,20.3,763,1025,74.4,12151,4064,418,472,88.6,273,361,75.6,54,141,38.3,2,1.4,1.1,+0.6,17,28,14,10,37,Matches
3,4,Kristoffer Ajer,no NOR,DF,Brentford,23,1998,22.2,627,892,70.3,10133,4739,303,372,81.5,255,342,74.6,47,105,44.8,3,2.2,1.8,+0.8,8,41,13,2,66,Matches
4,5,Nathan Aké,nl NED,DF,Manchester City,26,1995,10.3,796,878,90.7,13200,4534,373,399,93.5,384,416,92.3,29,42,69.0,0,0.5,0.5,-0.5,2,63,3,0,33,Matches
5,6,Marc Albrighton,eng ENG,"FW,DF",Leicester City,31,1989,12.6,347,558,62.2,5152,2040,220,258,85.3,86,145,59.3,26,94,27.7,2,1.7,1.0,+0.3,11,23,8,6,21,Matches
6,7,Thiago Alcántara,es ESP,MF,Liverpool,30,1991,17.0,1340,1508,88.9,24737,7150,573,624,91.8,594,640,92.8,150,190,78.9,4,2.5,1.7,+1.5,29,211,26,1,153,Matches
7,8,Trent Alexander-Arnold,eng ENG,DF,Liverpool,22,1998,31.7,2039,2757,74.0,40112,15683,841,964,87.2,811,1048,77.4,344,636,54.1,12,12.9,13.0,-0.9,90,245,85,25,224,Matches
8,9,Alisson,br BRA,GK,Liverpool,28,1992,36.0,1214,1388,87.5,28439,18285,275,276,99.6,686,699,98.1,249,409,60.9,1,1.0,0.0,0.0,1,16,1,0,1,Matches
9,10,Allan,br BRA,MF,Everton,30,1991,24.3,778,982,79.2,12868,4192,356,405,87.9,337,402,83.8,57,102,55.9,2,1.1,1.0,+0.9,15,103,20,3,102,Matches
10,11,Dele Alli,eng ENG,MF,Tottenham,25,1996,7.3,177,228,77.6,2353,563,105,124,84.7,45,53,84.9,10,20,50.0,0,0.2,0.4,-0.2,2,14,4,1,14,Matches
11,12,Dele Alli,eng ENG,"MF,FW",Everton,25,1996,3.8,114,157,72.6,1696,434,63,81,77.8,34,45,75.6,9,12,75.0,0,0.4,0.4,-0.4,7,10,3,1,9,Matches
12,13,Miguel Almirón,py PAR,"MF,FW",Newcastle Utd,27,1994,19.1,402,511,78.7,5720,1254,229,264,86.7,118,149,79.2,23,38,60.5,0,1.3,0.6,-1.3,16,26,5,0,33,Matches
13,14,Marcos Alonso,es ESP,DF,Chelsea,30,1990,24.1,1142,1486,76.9,17781,5763,624,709,88.0,387,478,81.0,84,194,43.3,4,5.2,3.4,-1.2,43,67,34,15,77,Matches
14,15,Steven Alzate,co COL,MF,Brighton,22,1998,4.5,204,233,87.6,3213,865,105,116,90.5,72,78,92.3,17,24,70.8,0,0.2,0.2,-0.2,2,18,1,0,15,Matches
15,16,Daniel Amartey,gh GHA,DF,Leicester City,26,1994,23.6,1399,1546,90.5,25246,8400,508,550,92.4,769,810,94.9,103,140,73.6,0,0.3,0.4,-0.3,4,71,1,0,49,Matches
16,17,Joachim Andersen,dk DEN,DF,Crystal Palace,25,1996,32.4,1911,2351,81.3,44144,15835,410,480,85.4,1138,1224,93.0,349,604,57.8,3,2.1,1.9,+0.9,20,151,11,2,87,Matches
17,18,Michail Antonio,jm JAM,FW,West Ham,31,1990,33.0,437,701,62.3,6532,1282,251,323,77.7,121,192,63.0,37,63,58.7,8,6.9,5.0,+1.1,45,24,27,12,34,Matches
18,19,Cameron Archer,eng ENG,"FW,MF",Aston Villa,19,2001,0.3,4,4,100.0,62,29,3,3,100.0,1,1,100.0,0,0,,0,0.0,0.0,0.0,0,0,0,0,0,Matches
19,20,Alphonse Areola,fr FRA,GK,West Ham,28,1993,1.0,21,40,52.5,785,656,2,2,100.0,8,8,100.0,11,30,36.7,0,0.0,0.0,0.0,0,0,0,0,0,Matches
20,21,Adam Armstrong,eng ENG,FW,Southampton,24,1997,15.7,229,324,70.7,3453,610,111,142,78.2,93,126,73.8,12,22,54.5,2,2.1,1.4,-0.1,13,11,13,0,24,Matches
21,22,Stuart Armstrong,sct SCO,MF,Southampton,29,1992,16.4,590,744,79.3,8618,2144,321,386,83.2,217,250,86.8,25,42,59.5,0,1.9,1.4,-1.9,25,46,23,4,58,Matches
22,23,Kepa Arrizabalaga,es ESP,GK,Chelsea,26,1994,4.0,115,138,83.3,2398,1340,36,36,100.0,55,55,100.0,21,44,47.7,0,0.0,0.0,0.0,0,1,0,0,0,Matches
23,24,Harrison Ashby,sct SCO,DF,West Ham,19,2001,0.1,7,7,100.0,110,8,5,5,100.0,1,1,100.0,1,1,100.0,0,0.0,0.0,0.0,0,0,0,0,0,Matches
24,25,Pierre-Emerick Aubameyang,ga GAB,FW,Arsenal,32,1989,11.5,137,208,65.9,1801,404,90,115,78.3,37,64,57.8,4,9,44.4,1,1.1,0.9,-0.1,9,6,8,0,20,Matches
25,26,Jordan Ayew,gh GHA,FW,Crystal Palace,29,1991,22.4,576,754,76.4,7894,1509,346,389,88.9,180,228,78.9,17,54,31.5,3,3.6,2.9,-0.6,23,31,16,6,36,Matches
26,27,Luke Ayling,eng ENG,DF,Leeds United,29,1991,25.2,1224,1592,76.9,22964,10551,535,606,88.3,517,619,83.5,154,294,52.4,2,2.0,1.0,0.0,12,98,11,4,102,Matches
27,28,César Azpilicueta,es ESP,DF,Chelsea,31,1989,23.0,1486,1787,83.2,22185,8377,809,904,89.5,565,643,87.9,65,139,46.8,2,2.1,2.3,-0.1,17,104,19,2,90,Matches
28,29,Daniel Bachmann,at AUT,GK,Watford,27,1994,12.0,216,364,59.3,7080,5483,19,19,100.0,104,109,95.4,93,234,39.7,0,0.0,0.0,0.0,0,9,0,0,0,Matches
29,30,Leon Bailey,jm JAM,"FW,MF",Aston Villa,23,1997,8.5,150,226,66.4,2354,518,76,95,80.0,47,66,71.2,15,36,41.7,2,0.7,1.1,+1.3,7,6,9,1,19,Matches
30,31,Eric Bailly,ci CIV,DF,Manchester Utd,27,1994,2.4,68,85,80.0,1229,484,28,31,90.3,36,40,90.0,4,13,30.8,0,0.0,0.0,0.0,0,3,0,0,2,Matches
31,32,Folarin Balogun,eng ENG,FW,Arsenal,20,2001,0.8,4,9,44.4,46,7,3,4,75.0,1,3,33.3,0,0,,0,0.0,0.0,0.0,0,0,0,0,0,Matches
32,33,Patrick Bamford,eng ENG,FW,Leeds United,27,1993,6.2,88,108,81.5,1103,200,60,68,88.2,20,25,80.0,3,6,50.0,2,1.0,0.4,+1.0,5,5,6,1,8,Matches
33,34,Shandon Baptiste,gd GRN,MF,Brentford,23,1998,10.1,257,308,83.4,3885,900,140,156,89.7,85,99,85.9,17,30,56.7,0,0.8,0.5,-0.8,9,21,6,1,20,Matches
34,35,Ross Barkley,eng ENG,"MF,FW",Chelsea,27,1993,2.0,106,128,82.8,1633,369,59,66,89.4,32,39,82.1,9,11,81.8,0,0.7,0.7,-0.7,8,6,7,0,10,Matches
35,36,Ashley Barnes,eng ENG,FW,Burnley,31,1989,9.0,122,198,61.6,1577,453,81,108,75.0,30,52,57.7,5,10,50.0,0,0.8,1.0,-0.8,8,21,5,1,15,Matches
36,37,Harvey Barnes,eng ENG,"FW,MF",Leicester City,23,1997,23.3,550,756,72.8,6899,1906,366,442,82.8,137,199,68.8,15,34,44.1,10,4.9,3.2,+5.1,29,26,24,7,50,Matches
37,38,Lewis Bate,eng ENG,MF,Leeds United,18,2002,1.6,45,61,73.8,654,199,23,30,76.7,15,17,88.2,3,5,60.0,0,0.0,0.0,0.0,0,2,0,0,5,Matches
38,39,Mads Bech Sørensen,dk DEN,DF,Brentford,22,1999,9.3,393,514,76.5,7386,3006,143,161,88.8,209,262,79.8,37,75,49.3,0,0.6,0.3,-0.6,7,19,4,3,16,Matches
39,40,Jan Bednarek,pl POL,DF,Southampton,25,1996,29.2,1201,1490,80.6,22224,8001,462,523,88.3,597,693,86.1,117,231,50.6,0,0.5,0.7,-0.5,6,81,1,1,46,Matches
40,41,Donny van de Beek,nl NED,MF,Manchester Utd,24,1997,0.8,26,34,76.5,348,170,18,21,85.7,5,6,83.3,1,1,100.0,0,0.5,0.2,-0.5,3,2,3,0,3,Matches
41,42,Donny van de Beek,nl NED,MF,Everton,24,1997,5.4,206,250,82.4,2732,712,112,128,87.5,73,85,85.9,3,12,25.0,0,0.1,0.2,-0.1,2,21,3,0,15,Matches
42,43,Asmir Begović,ba BIH,GK,Everton,34,1987,3.0,39,85,45.9,1601,1416,2,2,100.0,14,14,100.0,23,68,33.8,0,0.0,0.0,0.0,0,0,0,0,0,Matches
43,44,Saïd Benrahma,dz ALG,"FW,MF",West Ham,25,1995,24.1,632,841,75.1,8891,2023,367,432,85.0,191,250,76.4,32,68,47.1,6,4.5,3.3,+1.5,32,37,29,10,49,Matches
44,45,Rodrigo Bentancur,uy URU,MF,Tottenham,24,1997,15.1,912,1019,89.5,14966,3399,420,454,92.5,384,409,93.9,64,88,72.7,4,3.0,1.4,+1.0,15,81,4,2,50,Matches
45,46,Christian Benteke,be BEL,FW,Crystal Palace,30,1990,12.7,196,305,64.3,2718,483,116,159,73.0,54,89,60.7,10,15,66.7,1,1.5,1.0,-0.5,13,12,10,0,18,Matches
46,47,Jóhann Berg Guðmundsson,is ISL,MF,Burnley,30,1990,12.2,209,341,61.3,2955,687,132,166,79.5,50,85,58.8,15,45,33.3,1,0.5,0.8,+0.5,6,7,11,9,8,Matches
47,48,Steven Bergwijn,nl NED,"FW,MF",Tottenham,23,1997,6.3,144,177,81.4,1756,392,98,113,86.7,30,38,78.9,4,7,57.1,1,0.9,1.2,+0.1,8,9,6,0,13,Matches
48,49,Ryan Bertrand,eng ENG,DF,Leicester City,31,1989,3.7,151,191,79.1,2212,828,88,97,90.7,51,63,81.0,8,18,44.4,0,0.0,0.1,0.0,0,12,1,0,10,Matches
49,50,Mads Bidstrup,dk DEN,MF,Brentford,20,2001,0.5,10,13,76.9,140,31,4,5,80.0,4,5,80.0,1,1,100.0,0,0.0,0.0,0.0,0,0,0,0,0,Matches
50,51,Yves Bissouma,ml MLI,MF,Brighton,24,1996,23.5,1061,1193,88.9,17341,3664,517,556,93.0,419,456,91.9,87,112,77.7,2,0.8,0.7,+1.2,8,73,13,0,60,Matches
51,52,Willy Boly,ci CIV,DF,Wolves,30,1991,10.0,468,558,83.9,8303,3410,193,209,92.3,239,268,89.2,30,67,44.8,0,0.1,0.1,-0.1,1,20,0,0,18,Matches
52,53,Jarrod Bowen,eng ENG,FW,West Ham,24,1996,33.1,574,863,66.5,9502,2529,302,372,81.2,167,225,74.2,74,171,43.3,10,5.9,4.3,+4.1,41,30,24,3,44,Matches
53,54,Jarrad Branthwaite,eng ENG,DF,Everton,19,2002,4.3,88,117,75.2,1378,651,44,53,83.0,33,42,78.6,7,15,46.7,0,0.0,0.0,0.0,0,8,0,0,10,Matches
54,55,Armando Broja,al ALB,FW,Southampton,19,2001,21.9,243,404,60.1,2594,572,167,249,67.1,48,87,55.2,1,7,14.3,0,1.0,0.3,-1.0,10,13,2,0,17,Matches
55,56,Josh Brownhill,eng ENG,MF,Burnley,25,1995,32.8,891,1196,74.5,13793,4198,463,547,84.6,291,389,74.8,77,147,52.4,3,3.2,3.2,-0.2,40,97,22,3,83,Matches
56,57,Lewis Brunt,eng ENG,MF,Leicester City,20,2000,0.3,21,21,100.0,365,28,10,10,100.0,10,10,100.0,1,1,100.0,0,0.0,0.0,0.0,0,1,0,0,0,Matches
57,58,Bryan,es ESP,"FW,MF",Tottenham,20,2001,1.0,50,64,78.1,660,188,32,36,88.9,11,15,73.3,3,4,75.0,0,0.1,0.2,-0.1,2,0,4,2,4,Matches
58,59,Emi Buendía,ar ARG,"MF,FW",Aston Villa,24,1996,21.1,711,902,78.8,10017,2688,418,482,86.7,199,248,80.2,42,79,53.2,6,6.6,4.2,-0.6,48,71,43,3,88,Matches
59,60,Dan Burn,eng ENG,DF,Newcastle Utd,29,1992,16.0,459,587,78.2,8701,2825,154,186,82.8,263,304,86.5,35,82,42.7,1,0.4,0.3,+0.6,4,32,0,0,25,Matches
60,61,Dan Burn,eng ENG,DF,Brighton,29,1992,11.4,523,645,81.1,10143,3167,171,205,83.4,298,331,90.0,49,90,54.4,0,0.5,0.1,-0.5,2,43,1,0,37,Matches
61,62,Jack Butland,eng ENG,GK,Crystal Palace,28,1993,8.5,214,287,74.6,4835,2855,61,61,100.0,108,108,100.0,40,113,35.4,0,0.0,0.0,0.0,0,2,0,0,0,Matches
62,63,Sam Byram,eng ENG,DF,Norwich City,27,1993,11.4,393,515,76.3,5981,1973,219,248,88.3,144,197,73.1,17,36,47.2,0,0.4,0.3,-0.4,4,15,2,0,17,Matches
63,64,Willy Caballero,ar ARG,GK,Southampton,39,1981,2.0,37,60,61.7,1320,1119,6,6,100.0,12,12,100.0,19,42,45.2,0,0.0,0.0,0.0,0,1,0,0,0,Matches
64,65,Moisés Caicedo,ec ECU,MF,Brighton,19,2001,7.3,225,275,81.8,3117,842,144,164,87.8,59,75,78.7,12,17,70.6,1,0.4,0.4,+0.6,4,19,2,0,17,Matches
65,66,Dominic Calvert-Lewin,eng ENG,FW,Everton,24,1997,14.3,167,280,59.6,1807,408,111,169,65.7,31,51,60.8,3,4,75.0,2,1.5,1.2,+0.5,10,10,4,0,9,Matches
66,67,Chem Campbell,wls WAL,MF,Wolves,18,2002,0.1,9,10,90.0,90,14,8,9,88.9,1,1,100.0,0,0,,0,0.0,0.0,0.0,0,0,0,0,0,Matches
67,68,João Cancelo,pt POR,DF,Manchester City,27,1994,35.9,2809,3365,83.5,44538,12619,1610,1732,93.0,938,1130,83.0,208,346,60.1,7,6.1,6.6,+0.9,39,308,96,12,243,Matches
68,69,Sergi Canós,es ESP,"DF,FW",Brentford,24,1997,23.1,449,774,58.0,7092,2936,253,316,80.1,140,235,59.6,38,134,28.4,2,1.9,2.3,+0.1,17,47,24,9,59,Matches
69,70,Todd Cantwell,eng ENG,"FW,MF",Norwich City,23,1998,4.9,130,157,82.8,1766,386,84,93,90.3,35,43,81.4,5,10,50.0,0,0.1,0.4,-0.1,2,13,2,0,8,Matches
70,71,Matty Cash,pl POL,DF,Aston Villa,23,1997,37.5,1113,1627,68.4,18720,7079,547,631,86.7,435,606,71.8,101,291,34.7,3,3.3,2.4,-0.3,28,71,32,16,76,Matches
71,72,Timothy Castagne,be BEL,DF,Leicester City,25,1995,23.6,1077,1330,81.0,16391,5539,611,694,88.0,393,467,84.2,56,101,55.4,0,1.6,1.0,-1.6,15,66,14,8,60,Matches
72,73,Jonny Castro,es ESP,DF,Wolves,27,1994,11.4,509,610,83.4,7860,2250,280,317,88.3,188,218,86.2,31,42,73.8,0,1.5,0.7,-1.5,11,20,7,4,26,Matches
73,74,Craig Cathcart,nir NIR,DF,Watford,32,1989,26.6,767,953,80.5,16030,5347,231,276,83.7,418,476,87.8,112,184,60.9,1,1.1,0.4,-0.1,3,48,4,1,37,Matches
74,75,Edinson Cavani,uy URU,FW,Manchester Utd,34,1987,8.5,176,233,75.5,2277,238,105,129,81.4,43,59,72.9,7,11,63.6,1,1.3,0.9,-0.3,7,4,2,0,5,Matches
75,76,Kayky Chagas,br BRA,FW,Manchester City,18,2003,0.1,2,2,100.0,21,0,2,2,100.0,0,0,,0,0,,0,0.0,0.0,0.0,0,0,0,0,0,Matches
76,77,Trevoh Chalobah,eng ENG,DF,Chelsea,22,1999,16.1,1158,1283,90.3,18559,5304,564,607,92.9,517,548,94.3,60,94,63.8,1,0.4,0.5,+0.6,4,106,6,0,45,Matches
77,78,Calum Chambers,eng ENG,DF,Arsenal,26,1995,1.9,77,97,79.4,1255,366,45,50,90.0,23,28,82.1,9,15,60.0,0,0.1,0.0,-0.1,1,5,1,1,4,Matches
78,79,Calum Chambers,eng ENG,DF,Aston Villa,26,1995,9.2,399,483,82.6,7729,3035,139,154,90.3,218,240,90.8,39,76,51.3,0,0.1,0.4,-0.1,2,31,5,0,22,Matches
79,80,Daniel Chesters,eng ENG,MF,West Ham,19,2002,0.0,0,0,,0,0,0,0,,0,0,,0,0,,0,0.0,0.0,0.0,0,0,0,0,0,Matches
80,81,Ben Chilwell,eng ENG,DF,Chelsea,24,1996,6.0,268,347,77.2,3845,959,164,179,91.6,75,98,76.5,15,41,36.6,1,1.2,0.7,-0.2,10,7,6,1,11,Matches
81,82,Chiquinho,pt POR,"DF,FW",Wolves,21,2000,2.3,70,108,64.8,1130,423,45,57,78.9,17,27,63.0,7,16,43.8,3,0.8,0.6,+2.2,5,4,4,4,4,Matches
82,83,Hamza Choudhury,eng ENG,"DF,MF",Leicester City,23,1997,3.2,128,156,82.1,2041,543,68,74,91.9,47,54,87.0,10,18,55.6,0,0.0,0.0,0.0,0,3,0,0,3,Matches
83,84,Andreas Christensen,dk DEN,DF,Chelsea,25,1996,16.6,1201,1336,89.9,21164,7424,495,535,92.5,586,631,92.9,100,135,74.1,0,0.3,0.5,-0.3,6,88,6,1,53,Matches
84,85,Carney Chukwuemeka,eng ENG,"MF,FW",Aston Villa,17,2003,3.3,98,121,81.0,1261,218,66,74,89.2,26,30,86.7,3,3,100.0,1,0.9,0.6,+0.1,2,5,0,0,5,Matches
85,86,Ciaran Clark,ie IRL,DF,Newcastle Utd,31,1989,11.3,290,370,78.4,5127,1771,110,126,87.3,152,181,84.0,20,41,48.8,1,0.4,0.3,+0.6,4,15,1,1,10,Matches
86,87,Tom Cleverley,eng ENG,MF,Watford,31,1989,18.0,479,658,72.8,7468,2177,239,280,85.4,169,212,79.7,40,109,36.7,2,2.2,1.3,-0.2,20,42,8,5,37,Matches
87,88,Nathaniel Clyne,eng ENG,DF,Crystal Palace,30,1991,15.0,561,727,77.2,8523,3116,289,322,89.8,228,292,78.1,22,64,34.4,1,0.6,0.5,+0.4,6,24,7,3,18,Matches
88,89,Conor Coady,eng ENG,DF,Wolves,28,1993,37.3,1514,1692,89.5,33155,12547,322,348,92.5,927,977,94.9,257,343,74.9,0,0.1,0.2,-0.1,3,51,3,0,31,Matches
89,90,Séamus Coleman,ie IRL,DF,Everton,32,1988,29.5,914,1255,72.8,14739,6578,497,569,87.3,316,447,70.7,76,168,45.2,0,0.7,1.5,-0.7,13,86,26,13,78,Matches
90,91,Nathan Collins,ie IRL,DF,Burnley,20,2001,18.6,448,652,68.7,8648,3847,158,201,78.6,232,297,78.1,50,127,39.4,0,1.5,0.8,-1.5,6,46,5,1,37,Matches
91,92,Aaron Connolly,ie IRL,"FW,MF",Brighton,21,2000,1.7,14,19,73.7,172,16,8,8,100.0,5,5,100.0,0,1,0.0,0,0.2,0.1,-0.2,1,0,0,0,1,Matches
92,93,Liam Cooper,sct SCO,DF,Leeds United,29,1991,20.2,981,1183,82.9,18604,6591,335,378,88.6,547,600,91.2,86,171,50.3,1,0.2,0.2,+0.8,4,31,0,0,39,Matches
93,94,Jack Cork,eng ENG,MF,Burnley,32,1989,18.6,423,577,73.3,6846,1919,217,273,79.5,143,191,74.9,43,71,60.6,0,0.4,0.3,-0.4,6,45,5,1,35,Matches
94,95,Maxwel Cornet,ci CIV,"FW,MF",Burnley,24,1996,19.6,281,437,64.3,3679,860,168,222,75.7,68,99,68.7,15,48,31.3,1,1.8,1.7,-0.8,15,15,14,4,19,Matches
95,96,Hélder Costa,ao ANG,MF,Leeds United,27,1994,0.2,5,5,100.0,79,0,2,2,100.0,3,3,100.0,0,0,,0,0.0,0.0,0.0,0,0,0,0,0,Matches
96,97,Vladimír Coufal,cz CZE,DF,West Ham,28,1992,24.5,990,1439,68.8,15293,6881,538,630,85.4,362,524,69.1,63,186,33.9,4,2.9,2.6,+1.1,21,63,30,16,75,Matches
97,98,Philippe Coutinho,br BRA,"MF,FW",Aston Villa,29,1992,14.8,531,655,81.1,8091,2162,292,340,85.9,175,205,85.4,38,61,62.3,3,3.4,1.7,-0.4,25,71,16,3,54,Matches
98,99,Aaron Cresswell,eng ENG,DF,West Ham,31,1989,30.3,1656,2096,79.0,27331,11135,837,912,91.8,650,755,86.1,134,318,42.1,3,3.7,3.0,-0.7,31,131,19,12,118,Matches
99,100,Charlie Cresswell,eng ENG,DF,Leeds United,18,2002,1.6,75,106,70.8,1560,592,23,29,79.3,43,50,86.0,9,24,37.5,0,0.0,0.0,0.0,0,3,0,0,4,Matches
100,101,Cucho,co COL,"FW,MF",Watford,22,1999,12.7,239,394,60.7,3852,1368,126,172,73.3,68,106,64.2,31,66,47.0,2,2.0,1.1,0.0,20,21,15,6,28,Matches
101,102,Marc Cucurella,es ESP,DF,Brighton,23,1998,34.3,1890,2356,80.2,29047,9900,1014,1131,89.7,718,856,83.9,110,219,50.2,1,3.2,2.8,-2.2,42,158,49,17,138,Matches
102,103,Luke Cundle,eng ENG,MF,Wolves,19,2002,2.0,96,105,91.4,1485,302,48,51,94.1,38,42,90.5,7,9,77.8,0,0.2,0.2,-0.2,2,11,2,0,7,Matches
103,104,Patson Daka,zm ZAM,FW,Leicester City,22,1998,12.9,165,223,74.0,2158,323,99,125,79.2,49,59,83.1,4,7,57.1,3,2.3,0.8,+0.7,13,6,5,0,11,Matches
104,105,Stuart Dallas,nir NIR,"DF,MF",Leeds United,30,1991,32.4,1306,1685,77.5,20351,7389,730,812,89.9,440,539,81.6,99,227,43.6,1,2.8,2.5,-1.8,31,108,24,5,113,Matches
105,106,Diogo Dalot,pt POR,DF,Manchester Utd,22,1999,20.0,934,1193,78.3,17062,6007,407,477,85.3,396,490,80.8,117,181,64.6,0,1.3,1.3,-1.3,16,80,21,7,84,Matches
106,107,Karl Darlow,eng ENG,GK,Newcastle Utd,30,1990,8.0,155,250,62.0,6276,4923,13,13,100.0,42,43,97.7,99,191,51.8,0,0.0,0.0,0.0,0,10,0,0,0,Matches
107,108,Josh Dasilva,eng ENG,"MF,FW",Brentford,22,1998,2.9,75,93,80.6,1172,336,38,43,88.4,32,40,80.0,2,4,50.0,0,0.2,0.3,-0.2,3,6,4,0,8,Matches
108,109,Ben Davies,wls WAL,DF,Tottenham,28,1993,28.2,1391,1648,84.4,22461,7503,696,757,91.9,602,681,88.4,68,137,49.6,1,0.8,0.9,+0.2,11,112,14,3,83,Matches
109,110,Tom Davies,eng ENG,MF,Everton,23,1998,2.6,60,82,73.2,822,261,35,38,92.1,18,24,75.0,2,6,33.3,0,0.0,0.1,0.0,0,4,1,0,9,Matches
110,111,Keinan Davis,eng ENG,FW,Aston Villa,23,1998,0.1,3,3,100.0,44,24,1,1,100.0,2,2,100.0,0,0,,0,0.0,0.0,0.0,0,0,0,0,0,Matches
111,112,Craig Dawson,eng ENG,DF,West Ham,31,1990,30.6,1035,1285,80.5,21842,7574,328,360,91.1,539,603,89.4,161,292,55.1,2,0.9,1.0,+1.1,4,85,0,0,31,Matches
112,113,Kevin De Bruyne,be BEL,MF,Manchester City,30,1991,24.5,1170,1568,74.6,19948,5366,581,663,87.6,434,558,77.8,122,249,49.0,8,10.3,7.5,-2.3,87,143,65,10,137,Matches
113,114,Troy Deeney,eng ENG,FW,Watford,33,1988,0.3,3,7,42.9,24,10,3,5,60.0,0,1,0.0,0,0,,0,0.1,0.0,-0.1,1,1,0,0,1,Matches
114,115,Liam Delap,eng ENG,FW,Manchester City,18,2003,0.1,1,1,100.0,13,9,1,1,100.0,0,0,,0,0,,0,0.0,0.0,0.0,0,0,0,0,0,Matches
115,116,Fabian Delph,eng ENG,MF,Everton,31,1989,7.4,259,309,83.8,4612,1427,125,138,90.6,90,103,87.4,35,48,72.9,0,0.1,0.1,-0.1,4,37,2,0,27,Matches
116,117,Leander Dendoncker,be BEL,MF,Wolves,26,1995,21.7,709,822,86.3,11173,2200,328,377,87.0,301,328,91.8,45,57,78.9,2,1.3,0.4,+0.7,11,52,4,0,33,Matches
117,118,Emmanuel Dennis,ng NGA,"FW,MF",Watford,23,1997,28.7,411,628,65.4,5461,1618,261,349,74.8,100,147,68.0,21,37,56.8,6,4.6,2.1,+1.4,33,26,19,4,47,Matches
118,119,Kiernan Dewsbury-Hall,eng ENG,MF,Leicester City,22,1998,23.4,950,1250,76.0,13947,3778,542,623,87.0,308,394,78.2,55,134,41.0,2,3.3,2.6,-1.3,35,103,26,7,88,Matches
119,120,Ibrahima Diallo,fr FRA,MF,Southampton,22,1999,11.4,361,453,79.7,5658,1490,190,232,81.9,132,155,85.2,26,35,74.3,2,1.3,0.3,+0.7,16,43,3,2,33,Matches
120,121,Rúben Dias,pt POR,DF,Manchester City,24,1997,26.7,2133,2287,93.3,40019,12614,742,786,94.4,1201,1248,96.2,173,218,79.4,4,3.1,1.9,+0.9,15,209,3,0,104,Matches
121,122,Luis Díaz,co COL,FW,Liverpool,24,1997,10.6,392,455,86.2,5406,1093,240,264,90.9,116,133,87.2,22,25,88.0,3,3.0,1.5,0.0,20,14,22,4,30,Matches
122,123,Eric Dier,eng ENG,DF,Tottenham,27,1994,34.1,2056,2341,87.8,39774,16706,680,719,94.6,1138,1216,93.6,211,351,60.1,0,0.7,1.1,-0.7,7,98,9,1,78,Matches
123,124,Lucas Digne,fr FRA,DF,Aston Villa,28,1993,14.1,629,838,75.1,9033,3799,389,436,89.2,189,251,75.3,35,104,33.7,4,2.8,1.7,+1.2,30,33,24,14,37,Matches
124,125,Lucas Digne,fr FRA,DF,Everton,28,1993,13.0,497,702,70.8,7850,3856,271,312,86.9,171,235,72.8,40,97,41.2,0,1.8,1.2,-1.8,22,41,9,4,25,Matches
125,126,Issa Diop,fr FRA,DF,West Ham,24,1997,10.7,407,478,85.1,6741,2823,166,181,91.7,203,225,90.2,21,49,42.9,1,0.3,0.6,+0.7,1,15,0,0,10,Matches
126,127,Moussa Djenepo,ml MLI,MF,Southampton,23,1998,5.1,109,147,74.1,1480,513,58,68,85.3,39,51,76.5,4,10,40.0,0,0.4,0.5,-0.4,6,10,9,2,14,Matches
127,128,Lewis Dobbin,eng ENG,"FW,MF",Everton,18,2003,0.4,5,8,62.5,92,22,3,3,100.0,0,2,0.0,2,3,66.7,0,0.0,0.0,0.0,0,2,0,0,1,Matches
128,129,Matt Doherty,ie IRL,DF,Tottenham,29,1992,9.7,437,533,82.0,6693,1596,252,286,88.1,145,175,82.9,32,45,71.1,4,2.5,1.4,+1.5,15,13,10,4,24,Matches
129,130,Gabriel Dos Santos,br BRA,DF,Arsenal,23,1997,34.0,1828,2049,89.2,34814,11567,602,634,95.0,1069,1129,94.7,144,248,58.1,0,0.8,0.6,-0.8,9,126,2,0,85,Matches
130,131,Abdoulaye Doucouré,ml MLI,MF,Everton,28,1993,28.2,864,1097,78.8,12771,3058,490,581,84.3,296,351,84.3,45,72,62.5,4,3.0,1.3,+1.0,19,81,19,0,72,Matches
131,132,Kieran Dowell,eng ENG,"FW,MF",Norwich City,23,1997,10.1,223,334,66.8,3517,1068,123,157,78.3,69,89,77.5,19,53,35.8,1,1.5,1.0,-0.5,16,21,9,3,21,Matches
132,133,Cody Drameh,eng ENG,"DF,MF",Leeds United,19,2001,1.4,62,82,75.6,826,362,29,38,76.3,24,26,92.3,2,4,50.0,0,0.0,0.0,0.0,1,4,2,1,3,Matches
133,134,Martin Dúbravka,sk SVK,GK,Newcastle Utd,32,1989,26.0,534,846,63.1,18819,14791,62,62,100.0,228,233,97.9,242,544,44.5,0,0.1,0.0,-0.1,2,13,0,0,0,Matches
134,135,Shane Duffy,ie IRL,DF,Brighton,29,1992,16.0,906,1039,87.2,18829,5992,249,277,89.9,535,572,93.5,117,177,66.1,0,0.2,0.2,-0.2,4,50,1,0,34,Matches
135,136,Paul Dummett,wls WAL,DF,Newcastle Utd,29,1991,2.2,51,73,69.9,771,363,31,36,86.1,17,26,65.4,3,10,30.0,0,0.0,0.0,0.0,0,3,0,0,3,Matches
136,137,Lewis Dunk,eng ENG,DF,Brighton,29,1991,28.6,1726,1958,88.2,35897,11705,467,508,91.9,1018,1076,94.6,229,339,67.6,0,0.5,0.4,-0.5,3,87,4,1,64,Matches
137,138,Ederson,br BRA,GK,Manchester City,27,1993,37.0,1016,1128,90.1,22789,14731,280,280,100.0,519,523,99.2,212,316,67.1,0,0.0,0.1,0.0,0,7,1,0,3,Matches
138,139,Odsonne Édouard,fr FRA,FW,Crystal Palace,23,1998,17.4,309,429,72.0,3784,792,210,265,79.2,75,105,71.4,5,7,71.4,3,2.3,1.6,+0.7,21,24,10,0,26,Matches
139,140,CJ Egan-Riley,eng ENG,DF,Manchester City,18,2003,0.0,1,1,100.0,29,27,0,0,,1,1,100.0,0,0,,0,0.0,0.0,0.0,0,0,0,0,0,Matches
140,141,Anthony Elanga,se SWE,FW,Manchester Utd,19,2002,13.5,340,450,75.6,4282,910,229,265,86.4,71,97,73.2,12,21,57.1,2,2.5,1.2,-0.5,9,11,8,2,15,Matches
141,142,Harvey Elliott,eng ENG,MF,Liverpool,18,2003,3.8,209,256,81.6,3057,789,121,135,89.6,68,79,86.1,11,14,78.6,0,0.6,0.4,-0.6,9,21,6,2,23,Matches
142,143,Mohamed Elneny,eg EGY,MF,Arsenal,29,1992,9.0,528,565,93.5,8669,2398,248,263,94.3,236,242,97.5,32,39,82.1,2,0.5,0.3,+1.5,9,59,2,0,30,Matches
143,144,Mohamed Elyounoussi,no NOR,"MF,FW",Southampton,26,1994,22.7,432,638,67.7,5864,1378,279,367,76.0,118,168,70.2,15,38,39.5,2,3.0,2.1,-1.0,28,39,19,3,47,Matches
144,145,Emerson,br BRA,"DF,MF",Tottenham,22,1999,25.4,1170,1450,80.7,16330,4045,686,762,90.0,368,459,80.2,52,94,55.3,1,3.0,3.0,-2.0,28,32,28,14,49,Matches
145,146,Christian Eriksen,dk DEN,MF,Brentford,29,1992,10.4,478,639,74.8,9842,3756,193,210,91.9,171,215,79.5,102,179,57.0,4,3.8,2.8,+0.2,30,84,17,7,56,Matches
146,147,Oghenekaro Etebo,ng NGA,MF,Watford,25,1995,4.5,151,168,89.9,3035,923,50,54,92.6,79,85,92.9,21,26,80.8,0,0.2,0.2,-0.2,2,15,3,1,11,Matches
147,148,Jonny Evans,nir NIR,DF,Leicester City,33,1988,15.0,846,1020,82.9,16742,6172,251,290,86.6,492,532,92.5,95,177,53.7,1,1.0,0.7,0.0,4,52,5,0,37,Matches
148,149,Eberechi Eze,eng ENG,"MF,FW",Crystal Palace,23,1998,6.7,234,304,77.0,3880,971,124,145,85.5,82,101,81.2,25,41,61.0,1,1.2,0.8,-0.2,11,22,7,2,21,Matches
149,150,Łukasz Fabiański,pl POL,GK,West Ham,36,1985,37.0,666,1013,65.7,20643,15742,110,111,99.1,270,274,98.5,281,622,45.2,0,0.0,0.0,0.0,0,10,0,0,0,Matches
150,151,Fabinho,br BRA,MF,Liverpool,27,1993,25.7,1350,1550,87.1,21821,5712,676,741,91.2,548,608,90.1,94,135,69.6,1,1.6,1.9,-0.6,16,151,12,1,103,Matches
151,152,Kiko Femenía,es ESP,DF,Watford,30,1991,23.8,867,1228,70.6,13397,6151,485,566,85.7,300,425,70.6,54,166,32.5,5,3.2,2.3,+1.8,25,56,22,9,63,Matches
152,153,Evan Ferguson,ie IRL,MF,Brighton,16,2004,0.3,5,6,83.3,73,0,3,4,75.0,0,0,,1,1,100.0,0,0.0,0.0,0.0,0,0,0,0,0,Matches
153,154,Nathan Ferguson,eng ENG,DF,Crystal Palace,20,2000,0.1,3,5,60.0,29,30,3,3,100.0,0,0,,0,2,0.0,0,0.0,0.0,0.0,0,0,0,0,0,Matches
154,155,Bruno Fernandes,pt POR,MF,Manchester Utd,26,1994,34.6,1549,2093,74.0,26517,7848,792,925,85.6,509,636,80.0,195,371,52.6,6,9.7,6.9,-3.7,88,170,81,14,168,Matches
155,156,Álvaro Fernández,es ESP,GK,Brentford,23,1998,12.0,336,517,65.0,8817,5768,77,79,97.5,149,154,96.8,109,282,38.7,0,0.0,0.0,0.0,0,10,0,0,1,Matches
156,157,Federico Fernández,ar ARG,DF,Newcastle Utd,32,1989,5.8,182,211,86.3,3540,1534,60,63,95.2,99,108,91.7,21,35,60.0,0,0.4,0.2,-0.4,1,6,0,0,8,Matches
157,158,Fernandinho,br BRA,"MF,DF",Manchester City,36,1985,10.7,746,842,88.6,12820,3829,344,368,93.5,326,360,90.6,56,79,70.9,1,1.0,1.1,0.0,10,74,17,1,61,Matches
158,159,Roberto Firmino,br BRA,FW,Liverpool,29,1991,11.0,390,501,77.8,5132,1179,237,266,89.1,107,150,71.3,15,21,71.4,4,2.0,1.7,+2.0,16,31,12,1,34,Matches
159,160,Junior Firpo,es ESP,"DF,MF",Leeds United,24,1996,19.0,768,952,80.7,12029,4281,417,475,87.8,299,362,82.6,38,71,53.5,2,2.5,1.6,-0.5,22,70,16,6,66,Matches
160,161,Ashley Fletcher,eng ENG,FW,Watford,25,1995,0.3,3,7,42.9,23,10,2,2,100.0,0,0,,0,0,,0,0.0,0.0,0.0,0,0,0,0,0,Matches
161,162,Phil Foden,eng ENG,FW,Manchester City,21,2000,23.6,881,1102,79.9,12909,2623,542,595,91.1,235,294,79.9,56,115,48.7,5,6.5,5.3,-1.5,40,50,37,9,61,Matches
162,163,Wesley Fofana,fr FRA,DF,Leicester City,20,2000,7.0,470,528,89.0,8686,2839,168,183,91.8,266,284,93.7,29,50,58.0,0,0.0,0.1,0.0,2,25,0,0,20,Matches
163,164,Pablo Fornals,es ESP,"FW,MF",West Ham,25,1996,31.1,1052,1417,74.2,17266,5583,529,613,86.3,363,484,75.0,111,205,54.1,3,7.6,4.5,-4.6,48,111,51,8,137,Matches
164,165,Adam Forshaw,eng ENG,MF,Leeds United,29,1991,17.0,695,842,82.5,11652,3225,342,389,87.9,253,290,87.2,73,103,70.9,1,1.1,0.7,-0.1,13,68,8,0,52,Matches
165,166,Marcus Forss,fi FIN,"FW,MF",Brentford,22,1999,2.3,22,38,57.9,341,115,12,19,63.2,5,9,55.6,3,3,100.0,1,0.2,0.0,+0.8,1,5,1,0,5,Matches
166,167,Fraser Forster,eng ENG,GK,Southampton,33,1988,19.0,360,603,59.7,11459,8545,48,49,98.0,167,173,96.5,144,377,38.2,0,0.0,0.0,0.0,0,11,0,0,0,Matches
167,168,Ben Foster,eng ENG,GK,Watford,38,1983,26.0,428,886,48.3,16732,14442,38,39,97.4,137,148,92.6,253,692,36.6,1,0.0,0.1,+1.0,1,33,1,0,0,Matches
168,169,Tariqe Fosu,gh GHA,DF,Brentford,25,1995,0.2,6,7,85.7,103,13,2,2,100.0,4,5,80.0,0,0,,0,0.0,0.0,0.0,0,0,0,0,1,Matches
169,170,Ryan Fraser,sct SCO,"FW,MF",Newcastle Utd,27,1994,16.3,334,482,69.3,5352,1620,197,234,84.2,86,128,67.2,40,84,47.6,3,2.6,2.3,+0.4,25,18,24,15,25,Matches
170,171,Fred,br BRA,MF,Manchester Utd,28,1993,22.5,1137,1358,83.7,18842,5515,547,626,87.4,448,506,88.5,92,118,78.0,4,2.2,3.0,+1.8,28,131,13,1,100,Matches
171,172,Ryan Fredericks,eng ENG,DF,West Ham,28,1992,3.4,113,150,75.3,1514,465,72,85,84.7,34,48,70.8,3,6,50.0,0,0.2,0.1,-0.2,2,2,2,1,5,Matches
172,173,Leo Fuhr Hjelde,no NOR,"MF,DF",Leeds United,17,2003,1.7,79,108,73.1,1120,430,48,57,84.2,22,32,68.8,5,13,38.5,0,0.0,0.0,0.0,1,3,0,0,4,Matches
173,174,Conor Gallagher,eng ENG,MF,Crystal Palace,21,2000,31.6,890,1188,74.9,14543,3808,443,517,85.7,305,386,79.0,88,173,50.9,3,3.5,3.1,-0.5,38,86,20,9,60,Matches
174,175,Alejandro Garnacho,es ESP,"FW,MF",Manchester Utd,17,2004,0.1,3,3,100.0,22,1,2,2,100.0,0,0,,0,0,,0,0.0,0.0,0.0,0,0,0,0,0,Matches
175,176,Dwight Gayle,eng ENG,"FW,DF",Newcastle Utd,30,1990,0.4,13,16,81.3,104,12,11,12,91.7,0,1,0.0,0,0,,0,0.3,0.1,-0.3,2,1,0,0,0,Matches
176,177,Jean-Philippe Gbamin,ci CIV,MF,Everton,25,1995,0.7,16,22,72.7,207,38,11,13,84.6,4,6,66.7,0,1,0.0,0,0.0,0.0,0.0,0,1,0,0,0,Matches
177,178,David de Gea,es ESP,GK,Manchester Utd,30,1990,38.0,677,924,73.3,16463,11239,176,178,98.9,332,343,96.8,166,397,41.8,0,0.0,0.0,0.0,0,5,0,0,0,Matches
178,179,Joe Gelhardt,eng ENG,"FW,MF",Leeds United,19,2002,8.3,106,163,65.0,1166,344,58,81,71.6,28,46,60.9,2,5,40.0,2,1.8,1.4,+0.2,9,5,10,2,13,Matches
179,180,Anwar El Ghazi,nl NED,"FW,MF",Aston Villa,26,1995,4.3,84,119,70.6,1091,314,60,70,85.7,17,30,56.7,3,5,60.0,1,0.4,0.4,+0.6,5,0,4,3,2,Matches
180,181,Anwar El Ghazi,nl NED,"FW,MF",Everton,26,1995,0.1,7,9,77.8,80,18,5,5,100.0,1,2,50.0,0,0,,0,0.0,0.0,0.0,0,1,0,0,0,Matches
181,182,Saman Ghoddos,ir IRN,"MF,DF",Brentford,27,1993,6.0,143,216,66.2,2264,747,79,105,75.2,50,66,75.8,11,32,34.4,1,1.0,1.0,0.0,6,11,11,3,19,Matches
182,183,Dimitris Giannoulis,gr GRE,DF,Norwich City,25,1995,13.0,530,714,74.2,7839,2988,320,367,87.2,189,253,74.7,16,62,25.8,1,0.7,1.0,+0.3,9,24,14,2,38,Matches
183,184,Morgan Gibbs-White,eng ENG,"DF,FW",Wolves,21,2000,0.1,7,10,70.0,77,26,6,7,85.7,1,1,100.0,0,1,0.0,0,0.0,0.0,0.0,0,2,0,0,1,Matches
184,185,Ben Gibson,eng ENG,DF,Norwich City,28,1993,27.7,1117,1382,80.8,22279,9605,361,400,90.3,627,688,91.1,121,268,45.1,0,0.3,0.3,-0.3,3,74,5,0,54,Matches
185,186,Billy Gilmour,sct SCO,MF,Norwich City,20,2001,20.6,991,1243,79.7,18498,5588,456,514,88.7,357,419,85.2,152,258,58.9,1,1.7,1.9,-0.7,25,94,17,3,81,Matches
186,187,Ben Godfrey,eng ENG,DF,Everton,23,1998,22.5,611,808,75.6,10370,3667,277,335,82.7,285,354,80.5,36,79,45.6,0,1.0,0.7,-1.0,12,47,13,4,40,Matches
187,188,André Gomes,pt POR,MF,Everton,28,1993,6.9,218,282,77.3,3491,1060,116,134,86.6,75,89,84.3,19,37,51.4,1,0.2,0.2,+0.8,4,29,4,2,18,Matches
188,189,Toti Gomes,pt POR,DF,Wolves,22,1999,4.0,153,203,75.4,2485,981,75,91,82.4,67,79,84.8,8,27,29.6,0,0.0,0.0,0.0,0,12,0,0,6,Matches
189,190,Joe Gomez,eng ENG,DF,Liverpool,24,1997,3.7,230,292,78.8,4200,1139,103,119,86.6,101,126,80.2,24,37,64.9,1,0.7,0.5,+0.3,3,27,3,2,19,Matches
190,191,Charlie Goode,eng ENG,DF,Brentford,25,1995,5.0,195,304,64.1,4380,1512,46,66,69.7,113,154,73.4,36,73,49.3,0,1.0,0.7,-1.0,7,17,2,2,10,Matches
191,192,Anthony Gordon,eng ENG,"MF,FW",Everton,20,2001,25.4,482,743,64.9,6816,1929,265,340,77.9,151,224,67.4,28,92,30.4,2,3.9,3.1,-1.9,35,27,21,8,48,Matches
192,193,Kaide Gordon,eng ENG,FW,Liverpool,16,2004,0.1,4,4,100.0,35,0,1,1,100.0,1,1,100.0,0,0,,0,0.0,0.0,0.0,0,0,0,0,0,Matches
193,194,Dan Gosling,eng ENG,MF,Watford,31,1990,1.8,55,65,84.6,836,216,31,33,93.9,19,22,86.4,4,6,66.7,0,0.1,0.0,-0.1,1,4,0,0,4,Matches
194,195,Demarai Gray,eng ENG,"MF,FW",Everton,25,1996,26.0,555,769,72.2,9290,2076,277,315,87.9,182,246,74.0,65,129,50.4,4,4.1,3.5,-0.1,41,23,23,7,38,Matches
195,196,Jack Grealish,eng ENG,FW,Manchester City,25,1995,21.3,833,971,85.8,11275,2150,543,578,93.9,230,260,88.5,30,42,71.4,3,7.2,4.6,-4.2,53,30,43,1,75,Matches
196,197,Mason Greenwood,eng ENG,"FW,MF",Manchester Utd,19,2001,14.1,394,501,78.6,6461,1375,204,236,86.4,137,162,84.6,37,64,57.8,1,1.9,1.3,-0.9,17,31,13,3,23,Matches
197,198,Sam Greenwood,eng ENG,"MF,FW",Leeds United,19,2002,2.6,54,80,67.5,731,134,30,37,81.1,18,24,75.0,1,10,10.0,2,0.4,0.0,+1.6,4,5,1,0,5,Matches
198,199,Pascal Groß,de GER,"MF,DF",Brighton,30,1991,22.6,1012,1345,75.2,18387,5414,446,508,87.8,397,481,82.5,135,267,50.6,4,6.7,4.6,-2.7,60,94,37,12,85,Matches
199,200,Vicente Guaita,es ESP,GK,Crystal Palace,34,1987,29.5,776,982,79.0,17570,10058,241,242,99.6,345,348,99.1,171,369,46.3,0,0.0,0.0,0.0,0,3,0,0,0,Matches
200,201,Marc Guéhi,eng ENG,DF,Crystal Palace,21,2000,35.8,2057,2360,87.2,40390,14503,664,722,92.0,1162,1261,92.1,214,342,62.6,1,1.2,1.0,-0.2,6,116,3,0,80,Matches
201,202,Bruno Guimarães,br BRA,MF,Newcastle Utd,23,1997,11.5,441,522,84.5,7876,1942,208,231,90.0,156,178,87.6,59,73,80.8,1,1.1,1.4,-0.1,12,41,13,4,37,Matches
202,203,İlkay Gündoğan,de GER,MF,Manchester City,30,1990,20.6,1175,1340,87.7,18647,4055,608,648,93.8,412,456,90.4,105,151,69.5,4,5.1,4.2,-1.1,38,95,22,1,80,Matches
203,204,Angus Gunn,eng ENG,GK,Norwich City,25,1996,9.0,208,307,67.8,5494,3524,60,60,100.0,72,73,98.6,74,168,44.0,0,0.0,0.0,0.0,0,1,0,0,0,Matches
204,205,Grant Hanley,sct SCO,DF,Norwich City,29,1991,32.2,1089,1310,83.1,20556,6268,381,445,85.6,590,650,90.8,101,183,55.2,0,0.7,0.4,-0.7,6,23,3,0,22,Matches
205,206,Jack Harrison,eng ENG,"FW,MF",Leeds United,24,1996,29.3,656,1045,62.8,9472,3280,407,510,79.8,187,300,62.3,36,117,30.8,1,3.6,2.5,-2.6,42,49,35,8,74,Matches
206,207,Kortney Hause,eng ENG,DF,Aston Villa,26,1995,4.4,175,222,78.8,3322,1230,65,73,89.0,89,101,88.1,19,40,47.5,0,0.0,0.1,0.0,0,11,0,0,9,Matches
207,208,Kai Havertz,de GER,"FW,MF",Chelsea,22,1999,20.1,537,669,80.3,6322,1194,360,408,88.2,111,143,77.6,12,16,75.0,3,2.9,1.7,+0.1,21,34,19,1,45,Matches
208,209,Isaac Hayden,eng ENG,"MF,DF",Newcastle Utd,26,1995,11.1,261,341,76.5,4160,911,129,151,85.4,99,120,82.5,18,34,52.9,0,0.1,0.1,-0.1,2,20,0,0,9,Matches
209,210,Hwang Hee-chan,kr KOR,"FW,MF",Wolves,25,1996,20.2,513,639,80.3,7634,1458,291,341,85.3,160,187,85.6,37,51,72.5,1,1.6,1.3,-0.6,16,31,14,0,38,Matches
210,211,Jordan Henderson,eng ENG,MF,Liverpool,31,1990,28.9,1886,2246,84.0,31808,8579,874,975,89.6,801,921,87.0,153,228,67.1,5,3.8,3.7,+1.2,38,215,52,14,167,Matches
211,212,Jeff Hendrick,ie IRL,MF,Newcastle Utd,29,1992,0.8,27,29,93.1,489,43,12,13,92.3,12,12,100.0,3,4,75.0,0,0.0,0.0,0.0,1,2,0,0,0,Matches
212,213,Wayne Hennessey,wls WAL,GK,Burnley,34,1987,2.0,41,79,51.9,1981,1872,2,2,100.0,6,6,100.0,33,69,47.8,0,0.1,0.1,-0.1,3,6,0,0,0,Matches
213,214,Rico Henry,eng ENG,DF,Brentford,24,1997,30.8,876,1215,72.1,13166,4428,504,592,85.1,287,396,72.5,58,132,43.9,0,1.9,2.2,-1.9,18,60,29,15,61,Matches
214,215,Son Heung-min,kr KOR,"MF,FW",Tottenham,29,1992,33.4,928,1219,76.1,12453,3148,569,623,91.3,239,316,75.6,48,151,31.8,7,8.5,5.6,-1.5,72,33,42,4,65,Matches
215,216,Ki-Jana Hoever,nl NED,"DF,MF",Wolves,19,2002,3.4,110,160,68.8,1691,512,54,71,76.1,51,68,75.0,4,8,50.0,0,0.1,0.1,-0.1,1,3,2,1,4,Matches
216,217,Rob Holding,eng ENG,DF,Arsenal,25,1995,9.4,420,483,87.0,7860,2536,147,160,91.9,241,261,92.3,29,55,52.7,0,0.0,0.0,0.0,0,30,0,0,12,Matches
217,218,Mason Holgate,eng ENG,DF,Everton,24,1996,23.7,584,876,66.7,12159,4600,192,260,73.8,289,368,78.5,94,213,44.1,1,0.1,0.3,+0.9,3,43,2,0,34,Matches
218,219,Callum Hudson-Odoi,eng ENG,"MF,FW",Chelsea,20,2000,10.7,317,399,79.4,4453,981,203,232,87.5,87,109,79.8,15,33,45.5,2,2.4,1.9,-0.4,25,9,18,4,26,Matches
219,220,Will Hughes,eng ENG,MF,Crystal Palace,26,1995,11.7,436,537,81.2,7228,1815,206,232,88.8,184,205,89.8,31,64,48.4,1,0.9,0.6,+0.1,9,31,6,2,21,Matches
220,221,Pierre Højbjerg,dk DEN,MF,Tottenham,25,1995,35.5,2287,2570,89.0,37884,10802,1115,1199,93.0,877,961,91.3,194,269,72.1,2,2.3,2.9,-0.3,25,229,36,3,179,Matches
221,222,Adam Idah,ie IRL,"FW,MF",Norwich City,20,2001,6.9,95,150,63.3,1466,288,53,68,77.9,32,46,69.6,5,10,50.0,1,0.7,0.5,+0.3,5,8,5,2,7,Matches
222,223,Kelechi Iheanacho,ng NGA,FW,Leicester City,24,1996,14.0,276,361,76.5,3603,768,170,195,87.2,66,85,77.6,12,24,50.0,5,2.3,1.7,+2.7,17,22,13,1,34,Matches
223,224,Danny Ings,eng ENG,FW,Aston Villa,29,1992,21.1,251,378,66.4,3233,781,147,189,77.8,60,90,66.7,13,28,46.4,6,1.4,0.9,+4.6,15,19,13,0,26,Matches
224,225,Tim Iroegbunam,eng ENG,MF,Aston Villa,18,2003,1.0,22,27,81.5,288,155,14,18,77.8,8,9,88.9,0,0,,0,0.0,0.0,0.0,0,3,0,0,3,Matches
225,226,Alex Iwobi,ng NGA,"MF,DF",Everton,25,1996,22.6,599,782,76.6,9080,3232,324,366,88.5,192,248,77.4,48,89,53.9,2,3.2,3.0,-1.2,36,61,40,6,81,Matches
226,227,Daniel James,wls WAL,FW,Manchester Utd,23,1997,1.4,20,34,58.8,193,40,15,19,78.9,2,5,40.0,0,1,0.0,0,0.3,0.0,-0.3,2,1,0,0,0,Matches
227,228,Daniel James,wls WAL,"FW,MF",Leeds United,23,1997,26.3,326,508,64.2,4327,1156,205,256,80.1,84,151,55.6,15,34,44.1,4,2.6,1.7,+1.4,24,26,18,2,40,Matches
228,229,Reece James,eng ENG,DF,Chelsea,21,1999,20.7,1450,1687,86.0,22184,5499,803,856,93.8,509,593,85.8,93,133,69.9,9,6.6,4.8,+2.4,48,67,51,15,90,Matches
229,230,Vitaly Janelt,de GER,MF,Brentford,23,1998,25.5,755,1005,75.1,12860,4122,341,413,82.6,321,388,82.7,65,136,47.8,0,2.1,2.0,-2.1,23,80,13,3,74,Matches
230,231,Pontus Jansson,se SWE,DF,Brentford,30,1991,36.9,1218,1507,80.8,22414,7101,421,498,84.5,703,821,85.6,77,145,53.1,1,0.5,0.6,+0.5,5,35,0,0,54,Matches
231,232,Mathias Jensen,dk DEN,MF,Brentford,25,1996,17.8,574,795,72.2,11460,3742,247,294,84.0,201,260,77.3,115,203,56.7,1,3.7,3.4,-2.7,35,74,28,10,72,Matches
232,233,Gabriel Jesus,br BRA,FW,Manchester City,24,1997,20.9,637,770,82.7,8462,1409,398,457,87.1,175,206,85.0,21,31,67.7,8,6.0,3.5,+2.0,38,15,30,4,45,Matches
233,234,Raúl Jiménez,mx MEX,FW,Wolves,30,1991,29.2,549,775,70.8,7513,1631,325,409,79.5,147,206,71.4,31,50,62.0,4,3.5,3.2,+0.5,38,38,19,2,48,Matches
234,235,João Pedro,br BRA,"FW,MF",Watford,19,2001,18.3,390,581,67.1,6100,1580,210,299,70.2,122,163,74.8,38,57,66.7,1,3.2,1.4,-2.2,19,43,20,3,56,Matches
235,236,Joelinton,br BRA,"MF,FW",Newcastle Utd,24,1996,28.4,718,944,76.1,10060,2661,421,515,81.7,216,275,78.5,35,54,64.8,1,2.6,1.3,-1.6,29,68,17,2,53,Matches
236,237,Ben Johnson,eng ENG,DF,West Ham,21,2000,15.5,519,763,68.0,9212,3629,252,295,85.4,201,281,71.5,57,139,41.0,0,0.8,0.4,-0.8,9,50,14,12,35,Matches
237,238,Curtis Jones,eng ENG,MF,Liverpool,20,2001,9.5,538,599,89.8,8198,1811,289,305,94.8,204,219,93.2,31,44,70.5,1,0.9,0.5,+0.1,11,53,10,1,38,Matches
238,239,Phil Jones,eng ENG,DF,Manchester Utd,29,1992,1.8,71,81,87.7,1169,450,33,36,91.7,36,37,97.3,1,4,25.0,0,0.0,0.0,0.0,0,5,0,0,3,Matches
239,240,Jorginho,it ITA,MF,Chelsea,29,1991,25.3,1681,1887,89.1,26181,7227,862,928,92.9,669,730,91.6,91,140,65.0,2,2.4,1.9,-0.4,27,186,36,0,129,Matches
240,241,Diogo Jota,pt POR,FW,Liverpool,24,1996,26.3,559,770,72.6,7799,1928,324,397,81.6,183,231,79.2,22,46,47.8,4,5.6,3.5,-1.6,40,46,26,2,63,Matches
241,242,James Justin,eng ENG,DF,Leicester City,23,1998,11.1,540,677,79.8,7701,2669,328,360,91.1,166,208,79.8,24,57,42.1,0,1.0,0.7,-1.0,9,23,7,3,31,Matches
242,243,Mathias Jørgensen,dk DEN,DF,Brentford,31,1990,5.8,258,337,76.6,4576,2071,122,141,86.5,105,140,75.0,29,51,56.9,0,0.3,0.2,-0.3,3,14,1,1,15,Matches
243,244,Ozan Kabak,tr TUR,DF,Norwich City,21,2000,10.2,350,431,81.2,6460,2312,127,147,86.4,190,213,89.2,28,56,50.0,0,0.0,0.2,0.0,2,16,1,0,16,Matches
244,245,Christian Kabasele,be BEL,DF,Watford,30,1991,13.3,373,474,78.7,7689,2857,94,112,83.9,236,268,88.1,41,85,48.2,0,0.2,0.1,-0.2,2,19,1,1,17,Matches
245,246,Samuel Kalu,ng NGA,FW,Watford,23,1997,2.5,56,69,81.2,771,196,40,44,90.9,11,14,78.6,3,8,37.5,0,0.2,0.1,-0.2,1,3,3,0,6,Matches
246,247,Hassane Kamara,ci CIV,DF,Watford,27,1994,18.0,637,917,69.5,10140,4864,352,416,84.6,223,311,71.7,48,137,35.0,0,0.7,0.7,-0.7,10,47,10,4,38,Matches
247,248,Harry Kane,eng ENG,FW,Tottenham,28,1993,35.9,637,945,67.4,11124,3759,305,397,76.8,197,283,69.6,91,140,65.0,9,9.3,5.5,-0.3,49,89,42,6,115,Matches
248,249,N'Golo Kanté,fr FRA,MF,Chelsea,30,1991,19.7,1121,1308,85.7,16188,4538,630,695,90.6,397,450,88.2,43,61,70.5,4,2.5,2.4,+1.5,24,105,29,0,113,Matches
249,250,Edo Kayembe,cd COD,MF,Watford,23,1998,8.9,374,442,84.6,6881,1938,159,176,90.3,166,187,88.8,43,59,72.9,0,0.3,0.3,-0.3,6,42,1,0,37,Matches
250,251,Moise Kean,it ITA,FW,Everton,21,2000,0.0,1,1,100.0,11,0,1,1,100.0,0,0,,0,0,,0,0.0,0.0,0.0,0,0,0,0,0,Matches
251,252,Michael Keane,eng ENG,DF,Everton,28,1993,31.0,927,1214,76.4,19535,8021,299,364,82.1,457,535,85.4,154,276,55.8,2,1.5,0.5,+0.5,8,83,5,0,62,Matches
252,253,Naby Keïta,gn GUI,MF,Liverpool,26,1995,13.0,643,757,84.9,9141,2502,380,425,89.4,219,251,87.3,22,33,66.7,1,2.0,2.1,-1.0,15,56,21,0,58,Matches
253,254,Caoimhín Kelleher,ie IRL,GK,Liverpool,22,1998,2.0,83,91,91.2,1669,817,21,21,100.0,51,51,100.0,10,18,55.6,0,0.0,0.0,0.0,0,0,0,0,0,Matches
254,255,Kenedy,br BRA,DF,Chelsea,25,1996,0.6,36,50,72.0,565,139,18,24,75.0,15,18,83.3,2,5,40.0,1,0.6,0.1,+0.4,2,2,4,0,7,Matches
255,256,Jonjoe Kenny,eng ENG,DF,Everton,24,1997,11.3,351,478,73.4,5670,2338,185,209,88.5,122,166,73.5,32,71,45.1,1,0.9,0.6,+0.1,11,35,10,7,28,Matches
256,257,Max Kilman,eng ENG,DF,Wolves,24,1997,29.9,1313,1535,85.5,23958,8629,537,588,91.3,626,692,90.5,131,210,62.4,0,0.2,0.4,-0.2,3,98,3,0,69,Matches
257,258,Joshua King,no NOR,FW,Watford,29,1992,25.0,369,519,71.1,4984,1028,227,290,78.3,109,153,71.2,13,18,72.2,3,3.9,2.3,-0.9,35,29,17,4,27,Matches
258,259,Kristoffer Klaesson,no NOR,GK,Leeds United,20,2000,0.4,9,11,81.8,219,164,2,2,100.0,5,5,100.0,2,4,50.0,0,0.0,0.0,0.0,0,0,0,0,0,Matches
259,260,Mateusz Klich,pl POL,MF,Leeds United,31,1990,23.0,800,1026,78.0,11259,3630,453,514,88.1,240,314,76.4,38,84,45.2,2,2.3,2.0,-0.3,31,72,23,3,70,Matches
260,261,Robin Koch,de GER,"MF,DF",Leeds United,25,1996,17.5,555,718,77.3,10037,3503,224,279,80.3,268,326,82.2,45,73,61.6,0,0.4,0.3,-0.4,5,47,6,0,44,Matches
261,262,Sead Kolašinac,ba BIH,DF,Arsenal,28,1993,1.0,13,16,81.3,215,49,5,6,83.3,7,9,77.8,0,0,,0,0.0,0.0,0.0,0,1,0,0,0,Matches
262,263,Ibrahima Konaté,fr FRA,DF,Liverpool,22,1999,11.0,663,754,87.9,12042,5092,237,257,92.2,379,410,92.4,38,67,56.7,0,0.0,0.2,0.0,0,47,5,0,38,Matches
263,264,Ezri Konsa,eng ENG,DF,Aston Villa,23,1997,27.5,875,1013,86.4,15392,5885,345,381,90.6,470,505,93.1,46,94,48.9,0,0.3,0.5,-0.3,4,30,0,0,33,Matches
264,265,Cheikhou Kouyaté,sn SEN,MF,Crystal Palace,31,1989,21.9,656,804,81.6,10088,2833,338,390,86.7,253,308,82.1,36,58,62.1,1,0.8,1.0,+0.2,5,44,3,1,39,Matches
265,266,Mateo Kovačić,hr CRO,MF,Chelsea,27,1994,17.3,1061,1203,88.2,17022,4072,537,580,92.6,405,453,89.4,77,106,72.6,5,3.3,3.0,+1.7,27,127,23,1,99,Matches
266,267,Emil Krafth,se SWE,DF,Newcastle Utd,26,1994,18.2,551,780,70.6,8120,3587,292,348,83.9,203,287,70.7,24,78,30.8,1,0.8,0.8,+0.2,6,35,7,1,39,Matches
267,268,Alex Král,cz CZE,MF,West Ham,23,1998,0.0,0,2,0.0,0,0,0,1,0.0,0,1,0.0,0,0,,0,0.0,0.0,0.0,0,0,0,0,0,Matches
268,269,Tim Krul,nl NED,GK,Norwich City,33,1988,29.0,759,1073,70.7,21441,14070,104,105,99.0,370,382,96.9,284,583,48.7,0,0.4,0.5,-0.4,1,7,1,0,1,Matches
269,270,Juraj Kucka,sk SVK,MF,Watford,34,1987,21.3,485,713,68.0,7757,2545,244,322,75.8,176,247,71.3,39,76,51.3,1,1.2,1.2,-0.2,10,41,7,4,46,Matches
270,271,Dejan Kulusevski,se SWE,"MF,FW",Tottenham,21,2000,14.0,404,486,83.1,5431,1144,259,287,90.2,107,127,84.3,17,24,70.8,8,3.8,2.7,+4.2,25,15,24,5,32,Matches
271,272,Alexandre Lacazette,fr FRA,FW,Arsenal,30,1991,19.8,343,455,75.4,4595,1048,215,264,81.4,89,117,76.1,12,21,57.1,7,3.5,1.8,+3.5,29,30,19,1,37,Matches
272,273,Adam Lallana,eng ENG,MF,Brighton,33,1988,17.3,836,962,86.9,11641,2793,502,552,90.9,265,288,92.0,28,53,52.8,1,0.8,1.0,+0.2,8,58,17,1,47,Matches
273,274,Tariq Lamptey,gh GHA,"DF,FW",Brighton,20,2000,17.3,593,770,77.0,8281,1729,373,416,89.7,186,252,73.8,19,50,38.0,2,2.5,2.9,-0.5,21,26,24,15,31,Matches
274,275,Manuel Lanzini,ar ARG,"MF,FW",West Ham,28,1993,19.8,1118,1237,90.4,16115,3944,642,678,94.7,372,407,91.4,52,77,67.5,3,2.7,2.5,+0.3,23,87,22,3,88,Matches
275,276,Aymeric Laporte,es ESP,DF,Manchester City,27,1994,31.4,2782,2940,94.6,53607,17555,933,966,96.6,1575,1624,97.0,251,316,79.4,0,0.8,1.3,-0.8,9,309,9,2,165,Matches
276,277,Jamaal Lascelles,eng ENG,DF,Newcastle Utd,27,1993,22.9,516,696,74.1,10069,3525,133,184,72.3,331,392,84.4,43,95,45.3,0,0.5,0.5,-0.5,4,20,1,0,15,Matches
277,278,Pierre Lees-Melou,fr FRA,MF,Norwich City,28,1993,25.2,807,1033,78.1,13876,4105,413,483,85.5,252,299,84.3,107,169,63.3,0,1.9,2.4,-1.9,25,81,26,9,81,Matches
278,279,Aaron Lennon,eng ENG,"MF,FW",Burnley,34,1987,17.2,252,382,66.0,3280,783,156,197,79.2,65,102,63.7,10,28,35.7,0,0.8,0.5,-0.8,9,14,4,2,16,Matches
279,280,Bernd Leno,de GER,GK,Arsenal,29,1992,4.0,76,115,66.1,2214,1594,18,18,100.0,28,28,100.0,29,67,43.3,0,0.0,0.0,0.0,0,0,0,0,0,Matches
280,281,Jamal Lewis,nir NIR,DF,Newcastle Utd,23,1998,2.9,79,104,76.0,1281,448,34,40,85.0,38,47,80.9,4,10,40.0,0,0.0,0.0,0.0,1,3,0,0,4,Matches
281,282,Victor Lindelöf,se SWE,DF,Manchester Utd,27,1994,26.2,1215,1385,87.7,22399,8071,452,486,93.0,637,691,92.2,107,165,64.8,2,1.1,0.8,+0.9,4,75,6,0,57,Matches
282,283,Jesse Lingard,eng ENG,"FW,MF",Manchester Utd,28,1992,4.1,128,153,83.7,1533,382,75,85,88.2,33,41,80.5,0,4,0.0,0,0.5,0.2,-0.5,8,11,2,0,7,Matches
283,284,Valentino Livramento,eng ENG,DF,Southampton,18,2002,24.5,864,1166,74.1,12649,4429,507,586,86.5,281,389,72.2,43,106,40.6,1,2.8,2.7,-1.8,20,44,27,8,78,Matches
284,285,Diego Llorente,es ESP,DF,Leeds United,27,1993,26.0,1115,1373,81.2,21989,7472,335,389,86.1,648,712,91.0,118,225,52.4,0,0.1,0.2,-0.1,2,68,3,0,81,Matches
285,286,Hugo Lloris,fr FRA,GK,Tottenham,34,1986,38.0,767,957,80.1,18629,12232,247,252,98.0,295,299,98.7,211,388,54.4,0,0.2,0.1,-0.2,2,15,1,0,0,Matches
286,287,Giovani Lo Celso,ar ARG,"MF,FW",Tottenham,25,1996,2.6,128,161,79.5,1757,346,76,81,93.8,28,40,70.0,10,13,76.9,0,0.7,0.3,-0.7,5,10,0,0,4,Matches
287,288,Jürgen Locadia,nl NED,"MF,FW",Brighton,27,1993,0.3,1,1,100.0,25,0,0,0,,1,1,100.0,0,0,,0,0.0,0.0,0.0,0,0,0,0,0,Matches
288,289,Ruben Loftus-Cheek,eng ENG,"MF,DF",Chelsea,25,1996,15.5,876,981,89.3,13025,3047,507,547,92.7,315,355,88.7,33,42,78.6,2,2.7,2.4,-0.7,18,77,20,0,75,Matches
289,290,Kevin Long,ie IRL,DF,Burnley,30,1990,4.6,79,102,77.5,1696,601,19,22,86.4,46,54,85.2,14,21,66.7,0,0.0,0.0,0.0,0,2,0,0,4,Matches
290,291,Shane Long,ie IRL,FW,Southampton,34,1987,3.4,43,72,59.7,411,97,32,46,69.6,5,11,45.5,0,1,0.0,0,0.1,0.1,-0.1,2,4,1,0,3,Matches
291,292,Sean Longstaff,eng ENG,MF,Newcastle Utd,23,1997,16.3,481,604,79.6,8348,2302,229,271,84.5,177,200,88.5,52,89,58.4,1,0.8,0.8,+0.2,7,44,4,0,33,Matches
292,293,Ademola Lookman,ng NGA,"FW,MF",Leicester City,23,1997,16.1,405,536,75.6,5124,1306,260,313,83.1,113,136,83.1,8,21,38.1,0,2.4,1.8,-2.4,23,19,20,1,43,Matches
293,294,Jonas Lössl,dk DEN,GK,Brentford,32,1989,2.0,42,61,68.9,1177,782,6,6,100.0,17,18,94.4,18,36,50.0,0,0.0,0.0,0.0,0,2,0,0,1,Matches
294,295,Imran Louza,ma MAR,MF,Watford,22,1999,15.7,521,711,73.3,9666,3087,208,254,81.9,226,284,79.6,75,143,52.4,0,1.2,1.1,-1.2,15,63,8,1,48,Matches
295,296,Matthew Lowton,eng ENG,DF,Burnley,32,1989,19.7,599,887,67.5,10846,5051,302,344,87.8,197,286,68.9,90,208,43.3,2,2.6,1.6,-0.6,18,65,21,9,52,Matches
296,297,Douglas Luiz,br BRA,MF,Aston Villa,23,1998,30.2,1290,1550,83.2,21991,7068,567,644,88.0,559,629,88.9,121,210,57.6,3,3.2,2.2,-0.2,37,107,19,2,94,Matches
297,298,Romelu Lukaku,be BEL,FW,Chelsea,28,1993,17.7,231,327,70.6,2627,415,157,194,80.9,43,65,66.2,6,12,50.0,0,3.4,1.7,-3.4,24,10,9,0,13,Matches
298,299,Lyanco,br BRA,DF,Southampton,24,1997,10.1,282,397,71.0,5428,2134,94,107,87.9,158,189,83.6,25,89,28.1,0,0.1,0.1,-0.1,3,25,2,0,14,Matches
299,300,Alexis Mac Allister,ar ARG,"MF,FW",Brighton,22,1998,23.6,858,1066,80.5,14410,4158,411,473,86.9,328,370,88.6,78,133,58.6,2,2.7,2.6,-0.7,31,104,25,2,96,Matches
300,301,James Maddison,eng ENG,"MF,FW",Leicester City,24,1996,27.3,796,1089,73.1,13401,4128,389,453,85.9,292,365,80.0,89,198,44.9,8,5.4,3.9,+2.6,48,82,38,7,104,Matches
301,302,Harry Maguire,eng ENG,DF,Manchester Utd,28,1993,27.9,1353,1578,85.7,27400,9647,436,476,91.6,722,792,91.2,174,265,65.7,0,0.2,0.6,-0.2,4,116,2,0,83,Matches
302,303,Riyad Mahrez,dz ALG,FW,Manchester City,30,1991,16.6,777,947,82.0,11969,2132,443,486,91.2,264,313,84.3,53,102,52.0,5,4.5,3.8,+0.5,39,27,34,6,44,Matches
303,304,Ainsley Maitland-Niles,eng ENG,MF,Arsenal,23,1997,3.0,106,138,76.8,1811,549,46,58,79.3,54,62,87.1,6,13,46.2,0,0.4,0.5,-0.4,3,16,4,1,9,Matches
304,305,Sadio Mané,sn SEN,FW,Liverpool,29,1992,31.3,818,1100,74.4,12061,2748,460,550,83.6,274,360,76.1,44,67,65.7,2,5.9,4.4,-3.9,41,63,61,5,98,Matches
305,306,Javier Manquillo,es ESP,DF,Newcastle Utd,27,1994,14.0,308,424,72.6,4133,1621,194,223,87.0,85,124,68.5,12,38,31.6,2,0.3,0.3,+1.7,4,19,0,0,11,Matches
306,307,Fernando Marçal,br BRA,"MF,DF",Wolves,32,1989,16.1,669,887,75.4,10434,3383,356,394,90.4,264,347,76.1,35,87,40.2,0,0.7,0.7,-0.7,10,35,9,4,41,Matches
307,308,Solly March,eng ENG,"DF,FW",Brighton,27,1994,19.4,556,771,72.1,9536,2618,291,348,83.6,178,245,72.7,67,115,58.3,2,2.8,2.9,-0.8,35,30,33,8,48,Matches
308,309,Pablo Marí,es ESP,DF,Arsenal,27,1993,2.0,79,92,85.9,1437,481,33,37,89.2,40,41,97.6,5,11,45.5,0,0.1,0.3,-0.1,1,6,0,0,7,Matches
309,310,Anthony Martial,fr FRA,FW,Manchester Utd,25,1995,2.4,67,86,77.9,946,198,43,51,84.3,23,28,82.1,0,2,0.0,0,0.0,0.4,0.0,0,5,5,0,6,Matches
310,311,Martinelli,br BRA,"FW,MF",Arsenal,20,2001,20.7,439,611,71.8,6765,1235,252,303,83.2,150,204,73.5,29,62,46.8,6,4.7,3.4,+1.3,34,11,16,5,20,Matches
311,312,Emiliano Martínez,ar ARG,GK,Aston Villa,28,1992,36.0,816,1103,74.0,21013,14356,202,203,99.5,383,390,98.2,227,502,45.2,0,0.0,0.0,0.0,0,15,0,0,0,Matches
312,313,Adam Masina,ma MAR,DF,Watford,27,1994,12.0,375,549,68.3,7252,3197,147,183,80.3,178,230,77.4,47,121,38.8,1,1.0,0.7,0.0,7,33,7,6,31,Matches
313,314,Arthur Masuaku,cd COD,"DF,FW",West Ham,27,1993,7.2,289,382,75.7,4058,1291,171,189,90.5,87,121,71.9,15,40,37.5,1,0.8,0.8,+0.2,2,30,6,2,17,Matches
314,315,Juan Mata,es ESP,MF,Manchester Utd,33,1988,2.6,187,217,86.2,2589,580,119,127,93.7,43,52,82.7,14,19,73.7,0,0.3,0.3,-0.3,2,16,6,2,8,Matches
315,316,Jean-Philippe Mateta,fr FRA,FW,Crystal Palace,24,1997,12.7,158,238,66.4,1749,253,106,142,74.6,29,44,65.9,2,7,28.6,1,1.2,0.6,-0.2,7,4,3,1,4,Matches
316,317,Nemanja Matić,rs SRB,MF,Manchester Utd,32,1988,15.4,911,1053,86.5,15189,4883,447,493,90.7,344,384,89.6,88,110,80.0,4,2.1,1.4,+1.9,13,97,7,2,70,Matches
317,318,Joël Matip,cm CMR,DF,Liverpool,29,1991,31.0,2074,2344,88.5,39370,13120,675,757,89.2,1170,1262,92.7,202,271,74.5,3,1.3,2.0,+1.7,12,186,9,0,136,Matches
318,319,Neal Maupay,fr FRA,FW,Brighton,24,1996,25.3,479,622,77.0,6208,920,279,326,85.6,144,174,82.8,11,19,57.9,2,2.9,2.0,-0.9,23,20,25,2,34,Matches
319,320,Bryan Mbeumo,cm CMR,FW,Brentford,21,1999,32.3,527,817,64.5,7739,1649,315,409,77.0,149,229,65.1,38,81,46.9,7,4.1,3.3,+2.9,34,33,28,7,36,Matches
320,321,James McArthur,sct SCO,MF,Crystal Palace,33,1987,16.0,773,940,82.2,13033,3150,357,397,89.9,330,366,90.2,61,114,53.5,3,1.6,1.0,+1.4,16,64,19,4,59,Matches
321,322,James Mcatee,eng ENG,"MF,FW",Manchester City,18,2002,0.2,9,13,69.2,141,7,3,5,60.0,6,6,100.0,0,1,0.0,0,0.0,0.0,0.0,0,0,0,0,0,Matches
322,323,Kasey McAteer,eng ENG,FW,Leicester City,19,2001,0.0,1,1,100.0,5,0,1,1,100.0,0,0,,0,0,,0,0.0,0.0,0.0,0,0,0,0,0,Matches
323,324,Liam McCarron,sct SCO,FW,Leeds United,20,2001,0.1,2,2,100.0,42,0,1,1,100.0,0,0,,1,1,100.0,0,0.0,0.0,0.0,0,0,0,0,0,Matches
324,325,Alex McCarthy,eng ENG,GK,Southampton,31,1989,17.0,318,508,62.6,8708,6549,79,79,100.0,139,141,98.6,97,283,34.3,0,0.1,0.0,-0.1,1,9,0,0,0,Matches
325,326,John McGinn,sct SCO,MF,Aston Villa,26,1994,34.3,1023,1365,74.9,20891,8297,394,464,84.9,416,515,80.8,187,318,58.8,4,5.4,5.3,-1.4,51,163,48,12,149,Matches
326,327,Stuart McKinstry,sct SCO,MF,Leeds United,18,2002,0.0,2,3,66.7,28,0,1,1,100.0,1,2,50.0,0,0,,0,0.0,0.0,0.0,0,0,0,0,0,Matches
327,328,Kenny McLean,sct SCO,MF,Norwich City,29,1992,30.1,786,1090,72.1,13086,4130,390,488,79.9,301,386,78.0,71,143,49.7,0,0.9,1.0,-0.9,10,73,21,0,80,Matches
328,329,Dwight McNeil,eng ENG,MF,Burnley,21,1999,34.5,782,1154,67.8,14022,4011,377,434,86.9,265,358,74.0,112,245,45.7,1,5.3,5.3,-4.3,47,67,43,21,67,Matches
329,330,Scott McTominay,sct SCO,MF,Manchester Utd,24,1996,26.5,1060,1254,84.5,18096,5344,492,561,87.7,427,482,88.6,108,134,80.6,1,2.2,2.0,-1.2,23,113,9,2,88,Matches
330,331,Ben Mee,eng ENG,DF,Burnley,31,1989,20.4,535,763,70.1,11809,4762,175,215,81.4,245,301,81.4,111,218,50.9,0,1.2,0.1,-1.2,5,51,2,1,34,Matches
331,332,Hannibal Mejbri,tn TUN,FW,Manchester Utd,18,2003,0.8,17,21,81.0,180,9,12,13,92.3,3,3,100.0,0,1,0.0,0,0.0,0.0,0.0,0,1,0,0,0,Matches
332,333,Benjamin Mendy,fr FRA,DF,Manchester City,27,1994,0.9,80,94,85.1,1225,387,42,46,91.3,33,35,94.3,3,7,42.9,0,0.2,0.1,-0.2,2,9,1,1,5,Matches
333,334,Edouard Mendy,sn SEN,GK,Chelsea,29,1992,34.0,811,957,84.7,17070,11359,282,284,99.3,333,344,96.8,157,288,54.5,0,0.0,0.0,0.0,0,5,0,0,0,Matches
334,335,Nampalys Mendy,sn SEN,MF,Leicester City,29,1992,11.5,593,645,91.9,9282,1636,304,323,94.1,233,247,94.3,35,43,81.4,0,0.0,0.1,0.0,1,39,0,0,22,Matches
335,336,Illan Meslier,fr FRA,GK,Leeds United,21,2000,37.6,1037,1392,74.5,24030,14103,249,253,98.4,558,571,97.7,227,560,40.5,0,0.0,0.0,0.0,0,3,0,0,0,Matches
336,337,Luka Milivojević,rs SRB,MF,Crystal Palace,30,1991,8.6,400,493,81.1,7100,2096,182,202,90.1,157,185,84.9,46,79,58.2,0,0.9,1.0,-0.9,11,36,6,3,32,Matches
337,338,James Milner,eng ENG,"MF,DF",Liverpool,35,1986,9.5,646,777,83.1,11063,3500,301,327,92.0,264,312,84.6,62,95,65.3,1,2.4,1.5,-1.4,22,73,18,6,53,Matches
338,339,Yerry Mina,co COL,DF,Everton,26,1994,9.4,288,362,79.6,5565,1860,97,116,83.6,136,159,85.5,43,68,63.2,0,0.0,0.0,0.0,1,10,0,0,15,Matches
339,340,Takumi Minamino,jp JPN,"FW,MF",Liverpool,26,1995,2.1,58,69,84.1,648,146,42,45,93.3,10,15,66.7,2,2,100.0,0,0.5,0.6,-0.5,2,6,3,0,6,Matches
340,341,Tyrone Mings,eng ENG,DF,Aston Villa,28,1993,35.4,1336,1684,79.3,26051,10826,446,513,86.9,744,820,90.7,130,302,43.0,3,1.1,1.1,+1.9,10,85,5,0,68,Matches
341,342,Tyrick Mitchell,eng ENG,DF,Crystal Palace,21,1999,34.5,1393,1930,72.2,21564,10421,745,864,86.2,526,700,75.1,84,236,35.6,2,1.8,1.7,+0.2,21,103,33,15,107,Matches
342,343,Jakub Moder,pl POL,MF,Brighton,22,1999,18.9,581,814,71.4,8501,2438,320,399,80.2,194,264,73.5,28,55,50.9,3,2.5,2.2,+0.5,16,57,20,5,59,Matches
343,344,Wesley Moraes,br BRA,FW,Aston Villa,24,1996,0.0,2,2,100.0,8,4,0,0,,0,0,,0,0,,0,0.0,0.0,0.0,0,0,0,0,0,Matches
344,345,Tyler Morton,eng ENG,MF,Liverpool,18,2002,0.7,30,35,85.7,527,116,15,16,93.8,9,9,100.0,5,7,71.4,0,0.0,0.0,0.0,0,5,0,0,2,Matches
345,346,Mason Mount,eng ENG,MF,Chelsea,22,1999,26.3,998,1278,78.1,13767,4198,609,673,90.5,266,346,76.9,56,128,43.8,10,7.6,6.9,+2.4,58,70,61,10,98,Matches
346,347,Lucas Moura,br BRA,"FW,MF",Tottenham,28,1992,19.7,567,774,73.3,7667,2267,340,413,82.3,180,243,74.1,17,38,44.7,6,4.6,2.8,+1.4,34,59,27,4,78,Matches
347,348,João Moutinho,pt POR,MF,Wolves,34,1986,33.0,1700,2039,83.4,31501,7581,700,779,89.9,734,825,89.0,221,331,66.8,1,3.0,2.3,-2.0,39,170,18,4,125,Matches
348,349,Bali Mumba,eng ENG,DF,Norwich City,19,2001,0.5,7,10,70.0,78,27,6,6,100.0,1,1,100.0,0,2,0.0,0,0.0,0.0,0.0,0,0,0,0,1,Matches
349,350,Jacob Murphy,eng ENG,"FW,DF",Newcastle Utd,26,1995,16.4,364,581,62.7,5480,1975,182,233,78.1,119,183,65.0,29,82,35.4,2,2.9,1.9,-0.9,20,33,19,6,31,Matches
350,351,Enock Mwepu,zm ZAM,MF,Brighton,23,1998,11.1,289,393,73.5,3992,901,159,191,83.2,98,127,77.2,10,29,34.5,4,1.7,0.8,+2.3,9,18,4,0,19,Matches
351,352,Vitaliy Mykolenko,ua UKR,DF,Everton,22,1999,11.7,319,465,68.6,4900,2092,188,216,87.0,96,155,61.9,25,66,37.9,0,0.9,0.8,-0.9,8,21,7,5,14,Matches
352,353,Marvelous Nakamba,zw ZIM,MF,Aston Villa,27,1994,10.0,327,385,84.9,4835,1518,187,219,85.4,114,129,88.4,18,21,85.7,0,0.1,0.2,-0.1,2,33,1,0,17,Matches
353,354,Wilfred Ndidi,ng NGA,"MF,DF",Leicester City,24,1996,18.0,746,935,79.8,11258,3104,393,465,84.5,279,332,84.0,41,65,63.1,0,0.1,0.2,-0.1,2,36,4,0,42,Matches
354,355,Tanguy Ndombele,fr FRA,MF,Tottenham,24,1996,5.4,230,267,86.1,3175,787,124,136,91.2,78,90,86.7,10,13,76.9,1,0.5,0.5,+0.5,4,22,3,0,15,Matches
355,356,Reiss Nelson,eng ENG,FW,Arsenal,21,1999,0.2,8,12,66.7,66,0,7,10,70.0,0,1,0.0,0,0,,0,0.1,0.1,-0.1,1,0,0,0,0,Matches
356,357,Pedro Neto,pt POR,"FW,MF",Wolves,21,2000,5.2,181,237,76.4,2805,542,97,106,91.5,61,82,74.4,13,29,44.8,1,1.2,0.9,-0.2,13,4,4,2,9,Matches
357,358,Rúben Neves,pt POR,MF,Wolves,24,1997,29.6,1635,1992,82.1,34995,8704,487,553,88.1,827,937,88.3,299,416,71.9,2,2.5,2.7,-0.5,25,200,30,5,141,Matches
358,359,Jeremy Ngakia,eng ENG,DF,Watford,20,2000,10.0,322,442,72.9,5488,2535,147,175,84.0,139,172,80.8,26,61,42.6,0,0.6,0.6,-0.6,4,37,7,3,26,Matches
359,360,Saúl Ñíguez,es ESP,"DF,MF",Chelsea,26,1994,5.3,306,353,86.7,4777,1025,168,185,90.8,108,122,88.5,20,29,69.0,0,0.5,0.2,-0.5,3,15,2,2,12,Matches
360,361,Eddie Nketiah,eng ENG,FW,Arsenal,22,1999,9.3,175,230,76.1,2484,379,96,115,83.5,66,78,84.6,5,8,62.5,1,1.9,0.8,-0.9,13,7,4,0,11,Matches
361,362,Nicolas Nkoulou,cm CMR,DF,Watford,31,1990,1.9,50,57,87.7,1025,223,15,16,93.8,27,30,90.0,6,8,75.0,0,0.0,0.0,0.0,1,2,0,0,2,Matches
362,363,Mark Noble,eng ENG,MF,West Ham,34,1987,3.7,262,301,87.0,4287,1128,127,137,92.7,109,119,91.6,21,32,65.6,0,0.0,0.1,0.0,1,21,0,0,7,Matches
363,364,Mathias Normann,no NOR,MF,Norwich City,25,1996,18.3,546,795,68.7,10908,3883,213,262,81.3,226,314,72.0,90,175,51.4,2,2.2,1.5,-0.2,13,59,14,1,58,Matches
364,365,Christian Nørgaard,dk DEN,MF,Brentford,27,1994,33.9,1337,1685,79.3,21669,6948,667,789,84.5,543,651,83.4,87,145,60.0,4,3.9,2.9,+0.1,29,149,24,3,132,Matches
365,366,Angelo Ogbonna,it ITA,DF,West Ham,33,1988,10.2,405,477,84.9,7815,2674,123,127,96.9,244,271,90.0,34,69,49.3,0,0.0,0.0,0.0,0,16,0,0,10,Matches
366,367,Michael Olise,fr FRA,"FW,MF",Crystal Palace,19,2001,12.7,476,662,71.9,7870,2233,254,290,87.6,143,207,69.1,57,108,52.8,5,4.1,3.6,+0.9,24,39,26,9,57,Matches
367,368,Robin Olsen,se SWE,GK,Aston Villa,31,1990,1.0,25,47,53.2,847,651,6,6,100.0,8,8,100.0,11,31,35.5,0,0.0,0.0,0.0,0,0,0,0,0,Matches
368,369,Andrew Omobamidele,ie IRL,DF,Norwich City,19,2002,4.2,197,235,83.8,3559,1026,75,85,88.2,100,115,87.0,18,27,66.7,0,0.0,0.0,0.0,0,10,0,0,8,Matches
369,370,Tyler Onyango,eng ENG,MF,Everton,18,2003,0.3,1,2,50.0,17,5,0,1,0.0,1,1,100.0,0,0,,0,0.0,0.0,0.0,0,0,0,0,0,Matches
370,371,Frank Onyeka,ng NGA,MF,Brentford,23,1998,11.6,259,332,78.0,4083,990,135,159,84.9,94,115,81.7,18,30,60.0,0,0.3,0.4,-0.3,4,23,7,1,22,Matches
371,372,Divock Origi,be BEL,FW,Liverpool,26,1995,1.5,28,37,75.7,297,47,18,23,78.3,3,5,60.0,1,1,100.0,0,0.0,0.1,0.0,0,0,1,0,2,Matches
372,373,Alex Oxlade-Chamberlain,eng ENG,"MF,FW",Liverpool,27,1993,8.7,316,407,77.6,5588,1407,136,161,84.5,133,157,84.7,36,55,65.5,1,1.1,0.8,-0.1,10,45,16,4,37,Matches
373,374,Cole Palmer,eng ENG,"FW,MF",Manchester City,19,2002,1.4,46,54,85.2,561,109,32,33,97.0,9,12,75.0,3,5,60.0,0,0.1,0.3,-0.1,2,2,3,0,3,Matches
374,375,Emerson Palmieri,it ITA,DF,Chelsea,26,1994,0.1,1,2,50.0,6,0,1,1,100.0,0,0,,0,0,,0,0.0,0.0,0.0,0,0,0,0,0,Matches
375,376,Thomas Partey,gh GHA,MF,Arsenal,28,1993,22.5,1032,1214,85.0,18440,5551,452,501,90.2,453,511,88.6,114,158,72.2,1,1.6,0.9,-0.6,17,120,12,0,92,Matches
376,377,Nicolas Pépé,ci CIV,"FW,MF",Arsenal,26,1995,7.7,283,365,77.5,4064,843,171,196,87.2,85,109,78.0,15,32,46.9,2,1.9,1.0,+0.1,12,12,9,3,12,Matches
377,378,Ricardo Pereira,pt POR,DF,Leicester City,27,1993,11.0,519,655,79.2,7167,2380,329,370,88.9,162,206,78.6,18,38,47.4,3,1.4,1.2,+1.6,10,19,17,2,35,Matches
378,379,Ayoze Pérez,es ESP,"MF,FW",Leicester City,28,1993,4.9,123,156,78.8,1552,421,75,89,84.3,29,35,82.9,5,8,62.5,3,1.9,0.6,+1.1,11,12,5,0,13,Matches
379,380,Sonny Perkins,eng ENG,FW,West Ham,17,2004,0.0,,,,,,,,,,,,,,,0,,,,,,,,,Matches
380,381,Romain Perraud,fr FRA,DF,Southampton,23,1997,18.0,478,749,63.8,6658,2707,296,361,82.0,148,236,62.7,19,84,22.6,1,0.5,0.5,+0.5,8,36,8,5,32,Matches
381,382,Kalvin Phillips,eng ENG,MF,Leeds United,25,1995,17.7,786,971,80.9,15278,4563,284,320,88.8,396,440,90.0,98,170,57.6,1,1.0,0.6,0.0,9,79,12,2,69,Matches
382,383,Jaden Philogene Bidace,eng ENG,FW,Aston Villa,19,2002,0.1,0,2,0.0,0,0,0,0,,0,0,,0,0,,0,0.0,0.0,0.0,0,0,0,0,0,Matches
383,384,Jordan Pickford,eng ENG,GK,Everton,27,1994,35.0,608,1147,53.0,23302,19151,83,83,100.0,204,208,98.1,321,848,37.9,0,0.1,0.2,-0.1,4,64,3,0,0,Matches
384,385,Erik Pieters,nl NED,DF,Burnley,32,1988,8.1,242,348,69.5,3727,1517,131,160,81.9,85,112,75.9,15,43,34.9,1,0.9,0.3,+0.1,2,16,1,1,17,Matches
385,386,Ethan Pinnock,jm JAM,DF,Brentford,28,1993,29.9,1218,1647,74.0,21899,8784,506,605,83.6,591,768,77.0,105,227,46.3,1,1.2,1.4,-0.2,11,81,6,4,56,Matches
386,387,Daniel Podence,pt POR,"FW,MF",Wolves,25,1995,16.5,449,637,70.5,6967,2148,248,302,82.1,121,184,65.8,49,78,62.8,3,4.5,3.2,-1.5,36,32,36,10,61,Matches
387,388,Paul Pogba,fr FRA,"MF,FW",Manchester Utd,28,1993,15.0,736,893,82.4,13244,3871,350,400,87.5,255,296,86.1,105,132,79.5,9,4.0,2.8,+5.0,24,99,24,2,89,Matches
388,389,Nick Pope,eng ENG,GK,Burnley,29,1992,36.0,556,1088,51.1,24141,21499,35,40,87.5,129,135,95.6,392,901,43.5,0,0.1,0.2,-0.1,2,49,3,0,0,Matches
389,390,Isaac Price,nir NIR,MF,Everton,17,2003,0.2,1,2,50.0,16,0,0,0,,1,2,50.0,0,0,,0,0.0,0.0,0.0,0,0,0,0,0,Matches
390,391,Teemu Pukki,fi FIN,FW,Norwich City,31,1990,36.1,399,540,73.9,5175,838,257,308,83.4,94,124,75.8,19,27,70.4,3,3.6,2.9,-0.6,27,21,6,1,19,Matches
391,392,Christian Pulisic,us USA,"MF,FW",Chelsea,22,1998,14.3,362,464,78.0,4638,921,240,279,86.0,100,121,82.6,7,13,53.8,2,1.9,1.1,+0.1,15,19,6,0,21,Matches
392,393,Przemysław Płacheta,pl POL,"FW,MF",Norwich City,23,1998,5.6,109,163,66.9,1640,468,65,77,84.4,30,44,68.2,8,19,42.1,0,0.8,0.6,-0.8,4,6,5,2,8,Matches
393,394,Jesuran Rak Sakyi,eng ENG,"FW,MF",Crystal Palace,18,2002,0.9,22,26,84.6,246,32,17,17,100.0,2,2,100.0,1,1,100.0,0,0.0,0.0,0.0,0,1,0,0,0,Matches
394,395,Aaron Ramsdale,eng ENG,GK,Arsenal,23,1998,34.0,795,1178,67.5,20520,14375,196,199,98.5,394,404,97.5,203,566,35.9,0,0.0,0.0,0.0,0,26,0,0,1,Matches
395,396,Jacob Ramsey,eng ENG,MF,Aston Villa,20,2001,27.4,889,1045,85.1,13297,3508,484,548,88.3,323,359,90.0,48,64,75.0,1,2.2,2.3,-1.2,21,92,21,4,72,Matches
396,397,Raphinha,br BRA,"FW,MF",Leeds United,24,1996,32.4,824,1301,63.3,13788,5181,399,497,80.3,275,420,65.5,99,259,38.2,3,8.3,6.2,-5.3,65,91,49,11,135,Matches
397,398,Marcus Rashford,eng ENG,"FW,MF",Manchester Utd,23,1997,13.7,304,424,71.7,3973,706,199,252,79.0,82,110,74.5,7,20,35.0,2,2.0,2.0,0.0,9,18,10,1,23,Matches
398,399,Milot Rashica,xk KVX,"FW,MF",Norwich City,25,1996,24.8,363,602,60.3,6213,1883,190,240,79.2,117,207,56.5,45,105,42.9,2,2.5,2.4,-0.5,36,33,20,8,35,Matches
399,400,David Raya,es ESP,GK,Brentford,25,1995,24.0,737,1085,67.9,22782,17527,137,138,99.3,302,310,97.4,296,625,47.4,0,0.0,0.1,0.0,1,45,0,0,3,Matches
400,401,Nathan Redmond,eng ENG,"MF,FW",Southampton,27,1994,20.4,510,735,69.4,7900,2509,277,338,82.0,172,247,69.6,37,92,40.2,5,4.0,3.1,+1.0,34,38,44,13,71,Matches
401,402,Sergio Reguilón,es ESP,"DF,MF",Tottenham,24,1996,21.3,750,994,75.5,11784,3362,394,453,87.0,271,355,76.3,54,99,54.5,3,3.4,3.8,-0.4,29,35,31,21,45,Matches
402,403,Declan Rice,eng ENG,MF,West Ham,22,1999,35.3,1986,2197,90.4,35788,9261,848,903,93.9,887,938,94.6,203,258,78.7,4,2.1,1.5,+1.9,24,256,26,4,147,Matches
403,404,Taylor Richards,eng ENG,MF,Brighton,20,2000,0.3,21,27,77.8,346,81,11,14,78.6,8,9,88.9,2,2,100.0,0,0.0,0.0,0.0,1,2,0,0,2,Matches
404,405,Richarlison,br BRA,FW,Everton,24,1997,28.0,339,568,59.7,4540,971,192,278,69.1,96,141,68.1,15,41,36.6,5,4.3,2.1,+0.7,29,21,13,1,27,Matches
405,406,Jaïro Riedewald,nl NED,MF,Crystal Palace,24,1996,1.3,47,56,83.9,795,204,27,31,87.1,16,16,100.0,4,7,57.1,0,0.1,0.0,-0.1,2,4,0,0,4,Matches
406,407,Matt Ritchie,sct SCO,DF,Newcastle Utd,31,1989,14.9,510,714,71.4,9145,4445,262,288,91.0,156,207,75.4,79,181,43.6,2,2.7,2.5,-0.7,28,42,16,8,37,Matches
407,408,Connor Roberts,wls WAL,DF,Burnley,25,1995,18.8,579,863,67.1,9841,4320,271,314,86.3,232,355,65.4,55,138,39.9,1,1.6,1.5,-0.6,13,46,17,5,45,Matches
408,409,Tyler Roberts,wls WAL,"MF,FW",Leeds United,22,1999,11.0,214,300,71.3,3004,771,124,154,80.5,61,81,75.3,13,29,44.8,1,1.4,0.7,-0.4,15,17,10,2,20,Matches
409,410,Andrew Robertson,sct SCO,DF,Liverpool,27,1994,28.2,1885,2350,80.2,30530,10281,980,1078,90.9,759,906,83.8,120,268,44.8,10,6.0,5.5,+4.0,55,131,45,13,139,Matches
410,411,Joe Rodon,wls WAL,DF,Tottenham,23,1997,1.0,29,35,82.9,509,133,9,11,81.8,15,17,88.2,3,4,75.0,0,0.0,0.0,0.0,0,0,0,0,0,Matches
411,412,Rodri,es ESP,MF,Manchester City,25,1996,32.0,2640,2887,91.4,48233,11298,1107,1185,93.4,1207,1271,95.0,294,358,82.1,2,1.9,2.7,+0.1,29,284,37,3,179,Matches
412,413,Rodrigo,es ESP,"MF,FW",Leeds United,30,1991,25.2,681,914,74.5,10329,2668,371,453,81.9,188,243,77.4,63,96,65.6,1,4.3,2.7,-3.3,38,54,31,6,75,Matches
413,414,Jay Rodriguez,eng ENG,FW,Burnley,32,1989,15.4,185,313,59.1,2439,672,127,185,68.6,39,78,50.0,9,19,47.4,2,1.6,0.5,+0.4,12,16,3,1,14,Matches
414,415,Mads Roerslev,dk DEN,DF,Brentford,22,1999,13.8,230,358,64.2,3857,1221,107,138,77.5,100,149,67.1,17,45,37.8,1,0.6,0.8,+0.4,7,16,8,7,19,Matches
415,416,Cristian Romero,ar ARG,DF,Tottenham,23,1998,20.5,1149,1325,86.7,20261,7100,473,517,91.5,551,590,93.4,93,159,58.5,0,0.3,0.5,-0.3,6,57,7,0,60,Matches
416,417,Oriol Romeu,es ESP,MF,Southampton,29,1991,32.1,1377,1691,81.4,23235,6192,676,787,85.9,535,614,87.1,133,198,67.2,2,3.0,2.5,-1.0,37,148,23,3,117,Matches
417,418,Cristiano Ronaldo,pt POR,FW,Manchester Utd,36,1985,27.3,726,904,80.3,8929,1337,469,541,86.7,174,218,79.8,20,29,69.0,3,3.2,2.0,-0.2,26,46,16,0,38,Matches
418,419,Salomón Rondón,ve VEN,FW,Everton,31,1989,8.8,117,193,60.6,1410,190,77,116,66.4,23,41,56.1,5,5,100.0,1,1.0,0.7,0.0,8,4,1,0,2,Matches
419,420,Danny Rose,eng ENG,DF,Watford,31,1990,7.7,227,340,66.8,4251,2343,104,118,88.1,90,128,70.3,29,71,40.8,0,1.0,0.5,-1.0,5,29,7,1,25,Matches
420,421,Jon Rowe,eng ENG,"FW,MF",Norwich City,18,2003,2.5,48,72,66.7,534,142,34,42,81.0,8,10,80.0,1,7,14.3,1,0.6,0.2,+0.4,5,4,2,0,4,Matches
421,422,John Ruddy,eng ENG,GK,Wolves,34,1986,1.5,22,33,66.7,458,296,11,12,91.7,6,6,100.0,4,14,28.6,0,0.0,0.0,0.0,0,1,0,0,0,Matches
422,423,Antonio Rüdiger,de GER,DF,Chelsea,28,1993,33.7,2217,2534,87.5,41765,13322,865,926,93.4,1079,1167,92.5,247,369,66.9,0,0.8,1.5,-0.8,12,219,24,3,119,Matches
423,424,Lukas Rupp,de GER,MF,Norwich City,30,1991,8.5,322,391,82.4,4884,1244,170,191,89.0,116,129,89.9,22,35,62.9,0,1.5,1.1,-1.5,9,24,5,1,24,Matches
424,425,José Sá,pt POR,GK,Wolves,28,1993,36.5,770,1109,69.4,20016,12866,161,164,98.2,379,386,98.2,223,548,40.7,1,0.4,0.0,+0.6,3,14,1,0,2,Matches
425,426,Allan Saint-Maximin,fr FRA,"FW,MF",Newcastle Utd,24,1997,31.2,529,747,70.8,7953,1853,299,359,83.3,165,225,73.3,38,75,50.7,5,4.9,3.8,+0.1,50,51,32,8,52,Matches
426,427,Romain Saïss,ma MAR,DF,Wolves,31,1990,30.1,1437,1808,79.5,26860,12451,585,658,88.9,691,812,85.1,148,298,49.7,0,0.5,0.3,-0.5,7,159,1,0,102,Matches
427,428,Bukayo Saka,eng ENG,"FW,MF",Arsenal,19,2001,33.1,893,1196,74.7,13040,2831,527,612,86.1,289,374,77.3,46,106,43.4,7,8.3,6.9,-1.3,68,40,31,6,62,Matches
428,429,Mohamed Salah,eg EGY,FW,Liverpool,29,1992,30.7,875,1136,77.0,11516,3063,567,648,87.5,233,309,75.4,29,49,59.2,13,9.7,7.4,+3.3,62,46,57,4,96,Matches
429,430,Mohammed Salisu,gh GHA,DF,Southampton,22,1999,33.0,1388,1850,75.0,24588,11438,583,673,86.6,664,828,80.2,116,280,41.4,0,0.7,0.7,-0.7,9,150,5,2,101,Matches
430,431,Albert Sambi Lokonga,be BEL,MF,Arsenal,21,1999,12.6,727,824,88.2,12262,3171,331,367,90.2,324,352,92.0,54,78,69.2,0,1.4,1.1,-1.4,18,68,14,1,58,Matches
431,432,Davinson Sánchez,co COL,DF,Tottenham,25,1996,18.1,994,1133,87.7,17192,5242,398,433,91.9,515,546,94.3,59,111,53.2,0,0.3,1.0,-0.3,5,70,6,1,46,Matches
432,433,Robert Sánchez,es ESP,GK,Brighton,23,1997,37.0,1082,1525,71.0,28041,17004,200,200,100.0,601,612,98.2,277,699,39.6,0,0.4,0.2,-0.4,3,26,0,0,1,Matches
433,434,Jadon Sancho,eng ENG,"FW,MF",Manchester Utd,21,2000,21.1,805,984,81.8,10392,2336,525,602,87.2,218,271,80.4,21,30,70.0,3,4.9,3.6,-1.9,41,31,39,7,65,Matches
434,435,Morgan Sanson,fr FRA,MF,Aston Villa,26,1994,4.0,123,162,75.9,1851,506,72,78,92.3,40,53,75.5,6,15,40.0,0,0.0,0.1,0.0,1,18,1,1,12,Matches
435,436,Samir Santos,br BRA,DF,Watford,26,1994,18.6,538,669,80.4,10401,3672,185,202,91.6,292,328,89.0,55,125,44.0,0,0.1,0.1,-0.1,2,27,2,0,21,Matches
436,437,Josh Sargent,us USA,"FW,MF",Norwich City,21,2000,17.5,292,410,71.2,3577,820,208,258,80.6,63,96,65.6,8,16,50.0,1,0.9,1.2,+0.1,11,8,5,0,11,Matches
437,438,Jeremy Sarmiento,ec ECU,"FW,MF",Brighton,19,2002,0.5,14,20,70.0,156,37,8,12,66.7,5,5,100.0,0,0,,0,0.0,0.0,0.0,0,1,1,0,1,Matches
438,439,Ismaila Sarr,sn SEN,"FW,MF",Watford,23,1998,20.7,332,478,69.5,4981,1253,182,225,80.9,105,144,72.9,21,41,51.2,2,3.1,2.3,-1.1,21,21,22,4,38,Matches
439,440,Malang Sarr,fr FRA,DF,Chelsea,22,1999,6.1,432,493,87.6,7202,2241,191,206,92.7,211,226,93.4,26,48,54.2,0,0.4,0.3,-0.4,3,36,2,1,15,Matches
440,441,Dane Scarlett,eng ENG,MF,Tottenham,17,2004,0.0,1,1,100.0,9,0,1,1,100.0,0,0,,0,0,,0,0.0,0.0,0.0,0,0,0,0,0,Matches
441,442,Fabian Schär,ch SUI,DF,Newcastle Utd,29,1991,24.0,698,1012,69.0,15904,7291,199,251,79.3,332,402,82.6,156,326,47.9,2,1.2,0.9,+0.8,9,69,15,1,41,Matches
442,443,Jeffrey Schlupp,gh GHA,"MF,FW",Crystal Palace,28,1992,20.6,493,668,73.8,7971,2386,249,302,82.5,201,253,79.4,29,55,52.7,1,2.1,1.2,-1.1,18,46,12,2,48,Matches
443,444,Kasper Schmeichel,dk DEN,GK,Leicester City,34,1986,37.0,945,1294,73.0,26527,17896,149,150,99.3,462,474,97.5,329,660,49.8,0,0.0,0.0,0.0,1,8,1,0,2,Matches
444,445,Ken Sema,se SWE,"MF,FW",Watford,27,1993,9.5,140,224,62.5,2280,758,84,108,77.8,35,53,66.0,15,39,38.5,0,1.5,1.1,-1.5,12,7,3,2,8,Matches
445,446,Nélson Semedo,pt POR,"MF,DF",Wolves,27,1993,23.7,916,1169,78.4,12766,4408,567,628,90.3,290,367,79.0,31,92,33.7,1,2.2,1.4,-1.2,18,62,12,2,56,Matches
446,447,Ryan Sessegnon,eng ENG,"DF,MF",Tottenham,21,2000,11.6,315,428,73.6,4537,1156,185,218,84.9,96,132,72.7,20,41,48.8,2,2.9,2.4,-0.9,14,13,12,4,22,Matches
447,448,Jamie Shackleton,eng ENG,"DF,MF",Leeds United,21,1999,7.9,353,409,86.3,5216,1417,180,194,92.8,151,166,91.0,9,18,50.0,0,0.0,0.1,0.0,1,23,2,0,16,Matches
448,449,Luke Shaw,eng ENG,DF,Manchester Utd,26,1995,17.8,944,1193,79.1,14230,5275,551,612,90.0,294,361,81.4,64,134,47.8,3,4.1,2.7,-1.1,39,74,16,5,66,Matches
449,450,Jonjo Shelvey,eng ENG,MF,Newcastle Utd,29,1992,22.0,743,948,78.4,15780,5306,260,303,85.8,299,351,85.2,165,256,64.5,1,1.4,1.5,-0.4,16,91,9,1,66,Matches
450,451,Shola Shoretire,eng ENG,MF,Manchester Utd,17,2004,0.2,5,5,100.0,69,14,2,2,100.0,1,1,100.0,1,1,100.0,0,0.0,0.0,0.0,0,0,0,0,0,Matches
451,452,Francisco Sierralta,cl CHI,DF,Watford,24,1997,4.7,142,183,77.6,3070,927,16,26,61.5,111,121,91.7,13,30,43.3,0,0.0,0.0,0.0,0,1,0,0,3,Matches
452,453,Bernardo Silva,pt POR,"MF,FW",Manchester City,26,1994,31.7,1728,1977,87.4,24552,4453,1027,1113,92.3,543,614,88.4,73,109,67.0,4,7.8,4.0,-3.8,59,106,42,6,93,Matches
453,454,Fábio Silva,pt POR,FW,Wolves,19,2002,6.4,93,138,67.4,1117,264,64,84,76.2,18,27,66.7,2,4,50.0,0,0.1,0.7,-0.1,3,5,6,0,11,Matches
454,455,Thiago Silva,br BRA,DF,Chelsea,36,1984,29.4,2436,2634,92.5,45456,20406,911,953,95.6,1243,1292,96.2,237,319,74.3,0,0.4,0.9,-0.4,7,197,18,1,122,Matches
455,456,Ellis Simms,eng ENG,FW,Everton,20,2001,0.7,7,12,58.3,66,19,5,9,55.6,1,1,100.0,0,0,,0,0.0,0.0,0.0,0,0,0,0,0,Matches
456,457,Moussa Sissoko,fr FRA,MF,Watford,31,1989,35.8,922,1188,77.6,14966,4705,469,570,82.3,321,398,80.7,89,131,67.9,1,4.3,2.3,-3.3,37,95,24,11,88,Matches
457,458,Oliver Skipp,eng ENG,MF,Tottenham,20,2000,15.0,763,851,89.7,11665,2984,383,408,93.9,302,323,93.5,36,59,61.0,0,1.0,1.1,-1.0,8,78,11,2,64,Matches
458,459,William Smallbone,ie IRL,"MF,FW",Southampton,21,2000,1.5,20,39,51.3,284,86,9,14,64.3,10,16,62.5,1,4,25.0,0,0.1,0.0,-0.1,1,0,0,0,1,Matches
459,460,Emile Smith Rowe,eng ENG,"MF,FW",Arsenal,21,2000,21.3,682,823,82.9,9733,1935,401,441,90.9,230,268,85.8,25,58,43.1,2,2.3,2.3,-0.3,30,41,20,1,49,Matches
460,461,Cédric Soares,pt POR,DF,Arsenal,29,1991,16.5,873,1112,78.5,14331,4550,442,490,90.2,353,421,83.8,59,149,39.6,1,1.7,1.3,-0.7,18,86,22,16,42,Matches
461,462,Tomáš Souček,cz CZE,MF,West Ham,26,1995,34.0,1036,1361,76.1,17344,4438,510,638,79.9,403,495,81.4,91,134,67.9,1,2.1,1.8,-1.1,21,105,12,2,95,Matches
462,463,Boubakary Soumaré,fr FRA,MF,Leicester City,22,1999,12.2,444,542,81.9,6701,1678,241,280,86.1,156,184,84.8,31,46,67.4,1,0.4,0.3,+0.6,6,38,5,1,26,Matches
463,464,Çağlar Söyüncü,tr TUR,DF,Leicester City,25,1996,27.7,1630,1935,84.2,29197,10178,654,720,90.8,827,894,92.5,125,263,47.5,0,0.1,0.2,-0.1,3,70,3,2,62,Matches
464,465,Tony Springett,eng ENG,"MF,FW",Norwich City,18,2002,1.6,25,38,65.8,348,78,16,22,72.7,9,10,90.0,0,2,0.0,0,0.6,0.0,-0.6,2,1,1,1,1,Matches
465,466,Jason Steele,eng ENG,GK,Brighton,30,1990,1.0,34,38,89.5,744,408,9,9,100.0,21,21,100.0,4,8,50.0,0,0.0,0.0,0.0,0,0,0,0,0,Matches
466,467,Jed Steer,eng ENG,GK,Aston Villa,28,1992,1.0,30,38,78.9,700,558,8,8,100.0,17,17,100.0,5,13,38.5,0,0.0,0.0,0.0,0,0,0,0,0,Matches
467,468,Zack Steffen,us USA,GK,Manchester City,26,1995,1.0,34,39,87.2,567,330,17,17,100.0,15,15,100.0,2,7,28.6,0,0.0,0.0,0.0,0,0,0,0,0,Matches
468,469,Dale Stephens,eng ENG,MF,Burnley,32,1989,1.4,46,57,80.7,812,228,20,27,74.1,17,20,85.0,7,7,100.0,0,0.1,0.1,-0.1,1,4,2,0,4,Matches
469,470,Jack Stephens,eng ENG,DF,Southampton,27,1994,9.0,361,474,76.2,6659,2567,143,158,90.5,184,219,84.0,29,79,36.7,0,0.5,0.2,-0.5,4,24,1,0,25,Matches
470,471,Raheem Sterling,eng ENG,FW,Manchester City,26,1994,23.6,714,880,81.1,9140,1729,479,527,90.9,184,226,81.4,14,29,48.3,5,5.8,4.6,-0.8,42,15,48,9,60,Matches
471,472,Finley Stevens,wls WAL,DF,Brentford,18,2003,0.2,5,7,71.4,82,39,3,3,100.0,1,2,50.0,1,2,50.0,0,0.1,0.0,-0.1,1,0,1,0,2,Matches
472,473,John Stones,eng ENG,DF,Manchester City,27,1994,12.4,911,1001,91.0,16544,4753,391,420,93.1,426,455,93.6,83,102,81.4,0,0.3,0.3,-0.3,4,82,4,0,43,Matches
473,474,Pascal Struijk,nl NED,"DF,MF",Leeds United,21,1999,22.8,1089,1278,85.2,20168,6807,372,423,87.9,616,665,92.6,85,148,57.4,0,0.5,0.2,-0.5,11,62,1,0,62,Matches
474,475,Crysencio Summerville,nl NED,"MF,FW",Leeds United,19,2001,1.4,51,70,72.9,638,142,32,37,86.5,14,21,66.7,1,3,33.3,0,0.1,0.1,-0.1,2,2,4,0,5,Matches
475,476,Jakob Sørensen,dk DEN,"MF,DF",Norwich City,23,1998,6.7,251,309,81.2,4615,1348,98,111,88.3,117,132,88.6,29,50,58.0,0,0.0,0.1,0.0,0,21,2,1,14,Matches
476,477,Japhet Tanganga,eng ENG,DF,Tottenham,22,1999,8.2,333,407,81.8,4995,1531,175,191,91.6,124,158,78.5,19,36,52.8,0,0.3,0.4,-0.3,2,9,4,1,19,Matches
477,478,Matt Targett,eng ENG,DF,Aston Villa,25,1995,15.9,592,823,71.9,10224,4702,287,338,84.9,238,299,79.6,56,131,42.7,1,1.8,1.6,-0.8,21,68,20,8,70,Matches
478,479,Matt Targett,eng ENG,DF,Newcastle Utd,25,1995,16.0,566,789,71.7,9448,4669,275,310,88.7,230,302,76.2,46,131,35.1,0,2.2,1.5,-2.2,20,47,13,6,36,Matches
479,480,James Tarkowski,eng ENG,DF,Burnley,28,1992,34.5,816,1190,68.6,18096,8530,259,356,72.8,369,479,77.0,172,314,54.8,2,0.8,0.9,+1.2,10,75,12,0,75,Matches
480,481,Nuno Tavares,pt POR,DF,Arsenal,21,2000,13.1,581,728,79.8,8861,2473,324,357,90.8,220,260,84.6,25,59,42.4,1,1.2,1.0,-0.2,10,37,10,5,30,Matches
481,482,Charlie Taylor,eng ENG,DF,Burnley,27,1993,30.3,968,1375,70.4,16556,7025,497,563,88.3,344,455,75.6,101,262,38.5,3,3.5,2.4,-0.5,21,72,25,19,66,Matches
482,483,Nathan Tella,eng ENG,"MF,FW",Southampton,22,1999,8.9,103,177,58.2,1445,383,61,81,75.3,31,55,56.4,4,13,30.8,1,0.8,0.3,+0.2,7,11,4,3,11,Matches
483,484,Alex Telles,br BRA,DF,Manchester Utd,28,1992,18.4,898,1205,74.5,13213,5198,531,592,89.7,288,389,74.0,53,163,32.5,4,2.5,2.2,+1.5,26,53,16,9,46,Matches
484,485,Luke Thomas,eng ENG,DF,Leicester City,20,2001,21.2,1007,1272,79.2,14404,5124,597,660,90.5,346,434,79.7,37,96,38.5,1,1.6,1.3,-0.6,12,75,13,3,58,Matches
485,486,Dominic Thompson,eng ENG,DF,Brentford,21,2000,1.6,21,41,51.2,297,81,13,18,72.2,8,13,61.5,0,8,0.0,0,0.0,0.0,0.0,0,0,0,0,0,Matches
486,487,Youri Tielemans,be BEL,MF,Leicester City,24,1997,29.2,1451,1785,81.3,23843,7353,720,808,89.1,574,672,85.4,119,209,56.9,4,4.3,3.8,-0.3,37,171,28,7,143,Matches
487,488,Kieran Tierney,sct SCO,DF,Arsenal,24,1997,21.3,900,1165,77.3,16286,5207,379,427,88.8,431,513,84.0,82,174,47.1,3,2.0,1.7,+1.0,20,81,24,12,73,Matches
488,489,Takehiro Tomiyasu,jp JPN,DF,Arsenal,22,1998,18.7,888,1098,80.9,14779,5387,441,497,88.7,375,449,83.5,57,107,53.3,1,1.2,1.1,-0.2,13,91,17,12,52,Matches
489,490,James Tomkins,eng ENG,DF,Crystal Palace,32,1989,6.1,277,320,86.6,6021,1857,58,68,85.3,177,188,94.1,40,61,65.6,0,0.2,0.1,-0.2,2,5,0,0,8,Matches
490,491,Ivan Toney,eng ENG,FW,Brentford,25,1996,32.3,440,779,56.5,5786,2033,266,411,64.7,108,204,52.9,23,51,45.1,5,5.9,5.6,-0.9,43,56,25,2,67,Matches
491,492,Ferrán Torres,es ESP,FW,Manchester City,21,2000,3.4,54,74,73.0,711,64,32,39,82.1,15,20,75.0,2,3,66.7,1,0.0,0.2,+1.0,1,0,1,0,2,Matches
492,493,Cenk Tosun,tr TUR,MF,Everton,30,1991,0.1,1,1,100.0,22,0,0,0,,1,1,100.0,0,0,,0,0.0,0.0,0.0,0,0,0,0,0,Matches
493,494,Andros Townsend,eng ENG,"MF,FW",Everton,30,1991,16.2,342,497,68.8,5285,1870,185,219,84.5,114,153,74.5,28,82,34.1,2,3.8,2.5,-1.8,31,24,26,16,38,Matches
494,495,Adama Traoré,es ESP,"FW,MF",Wolves,25,1996,11.9,242,339,71.4,3655,663,126,158,79.7,79,109,72.5,21,31,67.7,0,1.8,1.4,-1.8,18,15,12,6,15,Matches
495,496,Bertrand Traoré,bf BFA,"MF,FW",Aston Villa,25,1995,2.4,61,84,72.6,923,210,34,41,82.9,24,32,75.0,2,5,40.0,0,0.0,0.1,0.0,0,5,5,0,9,Matches
496,497,Trézéguet,eg EGY,FW,Aston Villa,26,1994,0.1,6,6,100.0,98,10,4,4,100.0,1,1,100.0,1,1,100.0,0,0.0,0.0,0.0,0,1,0,0,0,Matches
497,498,Francisco Trincão,pt POR,"FW,MF",Wolves,21,1999,14.8,356,463,76.9,5329,1096,201,230,87.4,104,127,81.9,30,55,54.5,1,1.6,1.6,-0.6,14,29,11,3,26,Matches
498,499,Kieran Trippier,eng ENG,DF,Newcastle Utd,30,1990,4.8,189,284,66.5,3454,1758,93,112,83.0,59,87,67.8,33,69,47.8,0,0.4,0.5,-0.4,7,15,5,0,15,Matches
499,500,William Troost-Ekong,ng NGA,DF,Watford,27,1993,15.4,466,604,77.2,10969,4191,95,112,84.8,275,316,87.0,96,165,58.2,0,0.0,0.1,0.0,1,27,0,0,24,Matches
500,501,Leandro Trossard,be BEL,"FW,MF",Brighton,26,1994,31.2,898,1188,75.6,14462,3282,479,569,84.2,282,357,79.0,90,130,69.2,3,5.3,4.9,-2.3,47,71,53,3,105,Matches
501,502,Kostas Tsimikas,gr GRE,DF,Liverpool,25,1996,9.7,508,705,72.1,8423,2743,249,278,89.6,219,288,76.0,36,98,36.7,2,2.8,1.9,-0.8,25,34,16,7,32,Matches
502,503,Axel Tuanzebe,eng ENG,DF,Aston Villa,23,1997,5.6,207,241,85.9,3996,1438,66,73,90.4,111,123,90.2,25,39,64.1,0,0.0,0.0,0.0,0,4,0,0,3,Matches
503,504,Ozan Tufan,tr TUR,MF,Watford,26,1995,3.7,85,122,69.7,1332,409,42,53,79.2,34,47,72.3,4,8,50.0,0,0.4,0.1,-0.4,4,13,2,0,14,Matches
504,505,Christos Tzolis,gr GRE,"FW,MF",Norwich City,19,2002,3.7,75,104,72.1,1152,287,41,51,80.4,26,31,83.9,5,15,33.3,0,1.0,0.6,-1.0,8,1,3,0,10,Matches
505,506,Yan Valery,tn TUN,DF,Southampton,22,1999,4.1,108,155,69.7,1705,502,48,56,85.7,52,70,74.3,3,17,17.6,0,0.1,0.1,-0.1,1,13,1,1,8,Matches
506,507,Virgil van Dijk,nl NED,DF,Liverpool,30,1991,34.0,2376,2655,89.5,46859,18164,780,848,92.0,1298,1375,94.4,278,395,70.4,1,1.7,1.0,-0.7,9,156,4,0,113,Matches
507,508,Raphaël Varane,fr FRA,DF,Manchester Utd,28,1993,20.3,1014,1156,87.7,20563,6918,305,339,90.0,584,629,92.8,118,168,70.2,1,0.2,0.3,+0.8,4,65,1,0,33,Matches
508,509,Jamie Vardy,eng ENG,FW,Leicester City,34,1987,20.1,184,265,69.4,2679,550,86,121,71.1,69,88,78.4,8,13,61.5,2,1.9,1.0,+0.1,18,9,15,2,25,Matches
509,510,Joël Veltman,nl NED,DF,Brighton,29,1992,31.9,1439,1869,77.0,25695,9690,577,662,87.2,742,909,81.6,102,220,46.4,1,1.8,1.3,-0.8,17,118,22,6,84,Matches
510,511,Jannik Vestergaard,dk DEN,DF,Leicester City,28,1992,6.3,335,377,88.9,6618,2247,118,129,91.5,171,182,94.0,42,59,71.2,0,0.0,0.1,0.0,1,14,1,0,18,Matches
511,512,Nikola Vlašić,hr CRO,"FW,MF",West Ham,23,1997,6.2,165,218,75.7,2200,370,106,122,86.9,44,57,77.2,7,16,43.8,0,0.8,0.6,-0.8,9,6,3,1,10,Matches
512,513,Matěj Vydra,cz CZE,FW,Burnley,29,1992,7.5,75,107,70.1,789,190,52,70,74.3,10,16,62.5,1,2,50.0,3,0.8,0.6,+2.2,6,1,2,0,6,Matches
513,514,Theo Walcott,eng ENG,"MF,FW",Southampton,32,1989,4.2,59,87,67.8,759,128,36,43,83.7,15,27,55.6,3,4,75.0,0,0.1,0.1,-0.1,1,2,1,0,1,Matches
514,515,Kyle Walker,eng ENG,DF,Manchester City,31,1990,19.5,1478,1668,88.6,26238,7083,654,697,93.8,672,732,91.8,136,192,70.8,2,1.5,2.1,+0.5,11,178,17,4,77,Matches
515,516,Kyle Walker-Peters,eng ENG,DF,Southampton,24,1997,29.3,1071,1368,78.3,16095,5790,606,686,88.3,368,470,78.3,65,113,57.5,2,2.8,3.4,-0.8,24,64,36,1,110,Matches
516,517,Aaron Wan-Bissaka,eng ENG,DF,Manchester Utd,23,1997,19.9,925,1141,81.1,12449,4048,598,657,91.0,255,307,83.1,36,67,53.7,0,1.0,0.9,-1.0,14,52,12,8,38,Matches
517,518,Danny Ward,wls WAL,GK,Leicester City,28,1993,1.0,30,33,90.9,646,380,6,6,100.0,20,20,100.0,4,7,57.1,0,0.0,0.0,0.0,0,0,0,0,0,Matches
518,519,Joel Ward,eng ENG,DF,Crystal Palace,31,1989,27.6,1372,1741,78.8,22621,8364,675,746,90.5,574,683,84.0,99,234,42.3,0,0.5,1.3,-0.5,6,104,12,4,78,Matches
519,520,James Ward-Prowse,eng ENG,MF,Southampton,26,1994,35.7,1657,2137,77.5,27629,9209,813,880,92.4,635,760,83.6,156,390,40.0,5,7.3,6.3,-2.3,71,169,16,10,129,Matches
520,521,Ollie Watkins,eng ENG,FW,Aston Villa,25,1995,32.8,484,699,69.2,5923,1164,315,403,78.2,115,173,66.5,10,24,41.7,2,3.7,2.6,-1.7,34,29,17,0,38,Matches
521,522,Adam Webster,eng ENG,DF,Brighton,26,1995,15.9,950,1176,80.8,18182,7345,308,351,87.7,512,587,87.2,103,188,54.8,0,0.1,0.3,-0.1,1,104,1,0,71,Matches
522,523,Wout Weghorst,nl NED,FW,Burnley,28,1992,16.1,275,434,63.4,2947,740,183,260,70.4,45,71,63.4,7,11,63.6,3,1.7,1.3,+1.3,14,17,7,1,17,Matches
523,524,Danny Welbeck,eng ENG,"FW,MF",Brighton,30,1990,16.4,213,277,76.9,2412,411,144,173,83.2,43,56,76.8,4,6,66.7,2,1.5,0.7,+0.5,18,10,9,0,15,Matches
524,525,Timo Werner,de GER,"FW,MF",Chelsea,25,1996,14.3,297,402,73.9,3577,478,197,230,85.7,69,92,75.0,8,16,50.0,1,0.5,0.8,+0.5,8,9,9,1,15,Matches
525,526,Ashley Westwood,eng ENG,MF,Burnley,31,1990,25.4,871,1254,69.5,16111,5915,347,418,83.0,361,468,77.1,119,276,43.1,3,4.7,4.5,-1.7,33,118,32,5,96,Matches
526,527,Ben White,eng ENG,DF,Arsenal,23,1997,32.0,1554,1839,84.5,29470,10721,539,610,88.4,857,933,91.9,143,254,56.3,0,1.5,0.9,-1.5,13,148,2,0,93,Matches
527,528,Brandon Williams,eng ENG,DF,Norwich City,20,2000,23.6,899,1130,79.6,14660,5198,454,524,86.6,371,460,80.7,62,106,58.5,1,2.1,1.4,-1.1,21,48,19,3,69,Matches
528,529,Neco Williams,wls WAL,DF,Liverpool,20,2001,0.1,9,9,100.0,143,16,5,5,100.0,4,4,100.0,0,0,,1,0.7,0.5,+0.3,1,0,0,0,1,Matches
529,530,Joe Willock,eng ENG,MF,Newcastle Utd,21,1999,22.6,450,565,79.6,6691,1793,253,299,84.6,150,177,84.7,28,40,70.0,0,1.6,0.6,-1.6,18,38,7,1,37,Matches
530,531,Callum Wilson,eng ENG,FW,Newcastle Utd,29,1992,15.4,107,159,67.3,1319,286,63,84,75.0,26,40,65.0,3,5,60.0,0,0.6,0.6,-0.6,10,6,3,1,7,Matches
531,532,Harry Winks,eng ENG,MF,Tottenham,25,1996,10.1,585,683,85.7,9806,3087,248,272,91.2,258,286,90.2,50,80,62.5,1,1.5,1.9,-0.5,11,79,13,3,52,Matches
532,533,Yoane Wissa,cd COD,FW,Brentford,24,1996,14.3,188,286,65.7,2465,593,121,164,73.8,50,70,71.4,7,17,41.2,1,1.0,1.0,0.0,9,13,10,1,21,Matches
533,534,Chris Wood,nz NZL,FW,Burnley,29,1991,15.2,178,310,57.4,2190,520,124,203,61.1,37,63,58.7,4,6,66.7,0,0.6,0.4,-0.6,9,27,4,0,19,Matches
534,535,Chris Wood,nz NZL,FW,Newcastle Utd,29,1991,14.7,169,327,51.7,1958,472,126,207,60.9,26,65,40.0,6,10,60.0,0,1.2,0.5,-1.2,10,18,2,0,14,Matches
535,536,Freddie Woodman,eng ENG,GK,Newcastle Utd,24,1997,4.0,74,120,61.7,2295,1691,14,14,100.0,33,33,100.0,27,71,38.0,0,0.0,0.0,0.0,0,5,0,0,0,Matches
536,537,Granit Xhaka,ch SUI,"MF,DF",Arsenal,28,1992,25.9,1367,1589,86.0,23204,6399,634,713,88.9,594,667,89.1,109,150,72.7,2,3.1,2.2,-1.1,32,194,41,7,140,Matches
537,538,Andriy Yarmolenko,ua UKR,"FW,MF",West Ham,31,1989,3.5,80,109,73.4,1285,237,40,52,76.9,31,36,86.1,6,9,66.7,0,0.4,0.3,-0.4,4,3,4,1,6,Matches
538,539,Ashley Young,eng ENG,"DF,FW",Aston Villa,36,1985,13.9,492,645,76.3,7690,2712,282,314,89.8,155,204,76.0,38,78,48.7,2,1.0,0.4,+1.0,13,48,10,3,30,Matches
539,540,Nathan Young-Coombes,eng ENG,MF,Brentford,18,2003,0.0,0,0,,0,0,0,0,,0,0,,0,0,,0,0.0,0.0,0.0,0,0,0,0,0,Matches
540,541,Wilfried Zaha,ci CIV,FW,Crystal Palace,28,1992,30.7,753,974,77.3,10942,2907,432,509,84.9,252,311,81.0,36,63,57.1,1,6.8,5.4,-5.8,46,38,66,12,109,Matches
541,542,Christoph Zimmermann,de GER,DF,Norwich City,28,1993,1.7,46,63,73.0,817,404,15,19,78.9,23,27,85.2,5,12,41.7,0,0.0,0.0,0.0,0,3,1,0,4,Matches
542,543,Oleksandr Zinchenko,ua UKR,DF,Manchester City,24,1996,11.6,953,1073,88.8,14439,4109,529,562,94.1,354,387,91.5,46,75,61.3,4,2.5,2.5,+1.5,16,104,22,5,76,Matches
543,544,Hakim Ziyech,ma MAR,"MF,FW",Chelsea,28,1993,14.7,544,755,72.1,7935,2498,336,380,88.4,141,204,69.1,40,98,40.8,3,3.4,3.1,-0.4,29,48,28,8,59,Matches
544,545,Kurt Zouma,fr FRA,DF,West Ham,26,1994,23.1,875,999,87.6,16585,5517,300,323,92.9,502,541,92.8,64,121,52.9,0,0.1,0.1,-0.1,2,24,2,0,23,Matches
545,546,Martin Ødegaard,no NOR,"MF,FW",Arsenal,22,1998,30.9,1368,1633,83.8,21846,5048,681,763,89.3,541,612,88.4,90,145,62.1,4,7.7,5.4,-3.7,77,113,71,3,141,Matches
